Order_ID,Distance_km,Weather,Traffic_Level,Time_of_Day,Vehicle_Type,Preparation_Time_min,Courier_Experience_yrs,Delivery_Time_min,Total_delivery_time,Distance_Category,Preparation_ratio
522,7.93,Windy,Low,Afternoon,Scooter,12,1.0,43,55,medium,21.818181818181817
738,16.42,Clear,Medium,Evening,Bike,20,2.0,84,104,long,19.230769230769234
741,9.52,Foggy,Low,Night,Scooter,28,1.0,59,87,medium,32.18390804597701
661,7.44,Rainy,Medium,Afternoon,Scooter,5,1.0,37,42,medium,11.904761904761903
412,19.03,Clear,Low,Morning,Bike,16,5.0,68,84,long,19.047619047619047
679,19.4,Clear,Low,Evening,Scooter,8,9.0,57,65,long,12.307692307692308
627,9.52,Clear,Low,Morning,Bike,12,1.0,49,61,medium,19.672131147540984
514,17.39,Clear,Medium,Evening,Scooter,5,6.0,46,51,long,9.803921568627452
860,1.78,Snowy,Low,Evening,Car,20,6.0,35,55,short,36.36363636363637
137,10.62,Foggy,Low,Evening,Scooter,29,1.0,73,102,medium,28.431372549019606
812,16.86,Snowy,Medium,Afternoon,Car,13,4.0,88,101,long,12.871287128712872
77,15.54,Clear,Low,Night,Bike,29,1.0,76,105,long,27.61904761904762
637,10.89,Clear,High,Night,Bike,12,5.0,53,65,medium,18.461538461538463
974,4.69,Rainy,Medium,Evening,Scooter,12,7.0,36,48,short,25.0
939,2.8,Clear,High,Morning,Scooter,10,4.579381443298969,33,43,short,23.25581395348837
900,2.17,Snowy,Low,Evening,Car,15,3.0,35,50,short,30.0
281,17.86,Rainy,Low,Afternoon,Bike,5,1.0,50,55,long,9.090909090909092
884,2.53,Snowy,Low,Morning,Bike,6,8.0,24,30,short,20.0
762,6.58,Foggy,Low,Evening,Car,6,7.0,27,33,medium,18.181818181818183
320,5.38,Clear,Medium,Evening,Scooter,26,1.0,47,73,medium,35.61643835616438
550,15.56,Rainy,Low,Afternoon,Scooter,28,0.0,72,100,long,28.000000000000004
175,13.08,Rainy,Low,Morning,Car,16,4.0,58,74,medium,21.62162162162162
372,0.86,Clear,High,Afternoon,Bike,26,5.0,37,63,short,41.269841269841265
528,5.83,Clear,High,Evening,Car,27,9.0,56,83,medium,32.53012048192771
211,11.2,Clear,Medium,Morning,Bike,23,4.579381443298969,73,96,medium,23.958333333333336
236,14.59,Clear,Medium,Morning,Bike,15,6.0,64,79,medium,18.9873417721519
102,12.91,Windy,Medium,Evening,Bike,11,6.0,56,67,medium,16.417910447761194
987,13.92,Snowy,Low,Morning,Scooter,18,4.0,70,88,medium,20.454545454545457
903,4.04,Snowy,Low,Night,Bike,11,9.0,70,81,short,13.580246913580247
948,18.05,Clear,Medium,Evening,Scooter,10,7.0,123,133,long,7.518796992481203
347,12.88,Clear,Medium,Morning,Scooter,8,5.0,52,60,medium,13.333333333333334
140,19.45,Rainy,High,Morning,Scooter,20,6.0,108,128,long,15.625
622,4.58,Clear,High,Morning,Scooter,22,9.0,45,67,short,32.83582089552239
500,19.73,Foggy,Medium,Evening,Bike,27,4.0,111,138,long,19.565217391304348
371,2.47,Windy,Medium,Morning,Bike,27,2.0,44,71,short,38.028169014084504
199,17.8,Snowy,Medium,Morning,Bike,16,9.0,73,89,long,17.97752808988764
688,5.96,Clear,Medium,Afternoon,Bike,22,7.0,45,67,medium,32.83582089552239
585,12.85,Windy,Medium,Afternoon,Scooter,18,7.0,61,79,medium,22.78481012658228
902,1.02,Clear,Medium,Afternoon,Bike,25,4.0,34,59,short,42.3728813559322
60,6.84,Rainy,Medium,Night,Car,14,8.0,47,61,medium,22.950819672131146
329,8.68,Rainy,Medium,Morning,Bike,8,5.0,52,60,medium,13.333333333333334
97,10.69,Clear,Medium,Night,Bike,25,9.0,67,92,medium,27.173913043478258
313,0.99,Clear,Medium,Evening,Bike,15,4.579381443298969,32,47,short,31.914893617021278
975,1.11,Clear,Low,Morning,Bike,5,6.0,8,13,short,38.46153846153847
300,2.16,Snowy,Low,Evening,Scooter,15,0.0,36,51,short,29.411764705882355
278,13.17,Windy,Medium,Afternoon,Bike,16,4.0,67,83,medium,19.27710843373494
925,8.79,Snowy,Low,Night,Bike,14,6.0,43,57,medium,24.561403508771928
602,5.93,Clear,Low,Afternoon,Scooter,19,3.0,36,55,medium,34.54545454545455
440,2.09,Rainy,Low,Night,Bike,23,2.0,36,59,short,38.983050847457626
838,7.57,Clear,Low,Morning,Bike,21,0.0,56,77,medium,27.27272727272727
571,10.52,Rainy,Medium,Afternoon,Scooter,8,4.0,56,64,medium,12.5
880,4.83,Rainy,Low,Morning,Car,25,9.0,47,72,short,34.72222222222222
262,19.81,Snowy,Medium,Afternoon,Car,20,5.0,104,124,long,16.129032258064516
579,10.1,Rainy,Low,Evening,Car,8,4.0,50,58,medium,13.793103448275861
24,7.64,Windy,Low,Afternoon,Car,10,8.0,31,41,medium,24.390243902439025
31,12.35,Clear,Low,Morning,Scooter,10,6.0,35,45,medium,22.22222222222222
618,5.9,Rainy,Low,Evening,Car,26,9.0,44,70,medium,37.142857142857146
11,0.9,Clear,Low,Afternoon,Bike,20,8.0,23,43,short,46.51162790697674
222,11.58,Clear,Medium,Morning,Scooter,16,2.0,61,77,medium,20.77922077922078
821,16.16,Clear,High,Afternoon,Bike,11,1.0,82,93,long,11.827956989247312
297,15.51,Clear,Low,Evening,Bike,17,9.0,69,86,long,19.767441860465116
55,12.16,Windy,High,Evening,Scooter,11,0.0,69,80,medium,13.750000000000002
543,4.96,Rainy,High,Morning,Bike,21,0.0,60,81,short,25.925925925925924
210,3.64,Windy,High,Evening,Bike,17,6.0,40,57,short,29.82456140350877
605,2.85,Clear,Low,Morning,Scooter,26,0.0,38,64,short,40.625
693,10.4,Clear,Low,Evening,Bike,16,4.0,52,68,medium,23.52941176470588
663,12.31,Windy,Low,Morning,Bike,29,4.0,68,97,medium,29.896907216494846
867,3.53,Clear,Medium,Afternoon,Bike,13,7.0,31,44,short,29.545454545454547
71,15.56,Clear,Medium,Evening,Bike,14,3.0,54,68,long,20.588235294117645
544,13.6,Clear,Medium,Afternoon,Bike,27,0.0,87,114,medium,23.684210526315788
108,15.23,Snowy,High,Morning,Bike,5,0.0,62,67,long,7.462686567164178
494,4.17,Clear,Low,Evening,Scooter,5,1.0,22,27,short,18.51851851851852
591,3.21,Rainy,High,Night,Scooter,16,0.0,42,58,short,27.586206896551722
742,6.38,Snowy,Low,Evening,Bike,16,1.0,111,127,medium,12.598425196850393
293,16.54,Rainy,Low,Afternoon,Scooter,6,7.0,51,57,long,10.526315789473683
290,12.02,Clear,Low,Morning,Car,9,7.0,41,50,medium,18.0
653,11.94,Clear,Low,Evening,Bike,20,3.0,69,89,medium,22.47191011235955
40,9.08,Clear,Low,Afternoon,Scooter,14,5.0,49,63,medium,22.22222222222222
590,3.46,Snowy,Medium,Morning,Scooter,23,3.0,48,71,short,32.3943661971831
308,6.8,Foggy,Medium,Morning,Scooter,13,7.0,46,59,medium,22.033898305084744
680,17.38,Rainy,Medium,Afternoon,Scooter,11,2.0,92,103,long,10.679611650485436
67,3.25,Clear,Low,Morning,Bike,23,7.0,32,55,short,41.81818181818181
276,10.28,Clear,Medium,Evening,Scooter,29,3.0,71,100,medium,28.999999999999996
68,16.14,Clear,Low,Night,Car,6,9.0,65,71,long,8.450704225352112
319,3.55,Clear,Medium,Evening,Bike,23,0.0,43,66,short,34.84848484848485
549,10.65,Clear,Medium,Afternoon,Scooter,23,8.0,58,81,medium,28.39506172839506
999,19.03,Clear,Low,Afternoon,Car,26,5.0,68,94,long,27.659574468085108
715,7.3,Clear,Low,Night,Scooter,14,7.0,28,42,medium,33.33333333333333
754,7.03,Clear,Low,Evening,Scooter,21,1.0,44,65,medium,32.30769230769231
328,12.43,Snowy,Low,Afternoon,Car,12,0.0,70,82,medium,14.634146341463413
383,12.76,Windy,High,Morning,Scooter,27,4.579381443298969,74,101,medium,26.732673267326735
452,11.39,Rainy,High,Evening,Scooter,14,1.0,72,86,medium,16.27906976744186
523,19.41,Clear,Low,Morning,Car,7,3.0,48,55,long,12.727272727272727
219,13.17,Rainy,High,Evening,Scooter,17,8.0,69,86,medium,19.767441860465116
788,8.32,Rainy,Low,Afternoon,Car,12,2.0,49,61,medium,19.672131147540984
437,1.92,Clear,Low,Morning,Bike,8,7.0,14,22,short,36.36363636363637
765,1.15,Clear,Low,Afternoon,Scooter,26,4.0,30,56,short,46.42857142857143
89,17.8,Windy,High,Afternoon,Car,12,9.0,73,85,long,14.117647058823529
64,7.46,Clear,Medium,Evening,Bike,8,5.0,42,50,medium,16.0
827,7.25,Clear,Medium,Afternoon,Scooter,18,4.0,45,63,medium,28.57142857142857
717,16.7,Clear,Medium,Afternoon,Scooter,28,1.0,76,104,long,26.923076923076923
352,17.2,Rainy,High,Afternoon,Scooter,14,2.0,94,108,long,12.962962962962962
937,0.86,Clear,Medium,Afternoon,Car,21,7.0,28,49,short,42.857142857142854
257,18.76,Clear,Medium,Evening,Car,15,2.0,80,95,long,15.789473684210526
636,9.22,Clear,Medium,Afternoon,Car,18,9.0,57,75,medium,24.0
645,2.84,Clear,Low,Evening,Scooter,24,2.0,35,59,short,40.67796610169492
555,17.59,Clear,Low,Morning,Bike,24,6.0,69,93,long,25.806451612903224
960,14.89,Snowy,High,Morning,Scooter,17,6.0,87,104,medium,16.346153846153847
169,1.3,Clear,Medium,Evening,Bike,22,4.0,31,53,short,41.509433962264154
918,18.99,Rainy,High,Afternoon,Bike,10,6.0,70,80,long,12.5
529,1.6,Foggy,Low,Night,Scooter,24,4.579381443298969,37,61,short,39.34426229508197
824,8.26,Snowy,Low,Afternoon,Bike,15,1.0,57,72,medium,20.833333333333336
986,10.16,Clear,High,Night,Bike,12,5.0,52,64,medium,18.75
817,12.03,Clear,Medium,Morning,Car,20,5.0,65,85,medium,23.52941176470588
87,14.73,Rainy,Low,Afternoon,Bike,24,6.0,74,98,medium,24.489795918367346
433,12.56,Clear,High,Evening,Bike,17,5.0,69,86,medium,19.767441860465116
185,5.53,Clear,Medium,Afternoon,Bike,19,1.0,44,63,medium,30.158730158730158
979,10.18,Foggy,Medium,Morning,Bike,25,3.0,73,98,medium,25.510204081632654
535,15.5,Clear,Medium,Morning,Scooter,28,9.0,91,119,long,23.52941176470588
295,2.98,Foggy,Medium,Night,Bike,11,2.0,27,38,short,28.947368421052634
893,16.69,Foggy,Medium,Evening,Scooter,8,2.0,65,73,long,10.95890410958904
426,11.22,Windy,High,Evening,Bike,25,5.0,79,104,medium,24.03846153846154
714,8.53,Clear,Low,Evening,Scooter,8,2.0,41,49,medium,16.3265306122449
261,12.49,Clear,Medium,Morning,Bike,25,4.0,77,102,medium,24.509803921568626
238,0.97,Clear,Low,Night,Scooter,24,8.0,26,50,short,48.0
560,12.6,Windy,Medium,Afternoon,Car,8,6.0,58,66,medium,12.121212121212121
584,6.91,Clear,Medium,Evening,Scooter,28,9.0,56,84,medium,33.33333333333333
446,18.97,Clear,Low,Evening,Car,25,4.0,141,166,long,15.060240963855422
868,4.05,Clear,Medium,Evening,Bike,20,4.579381443298969,44,64,short,31.25
801,14.29,Windy,Medium,Morning,Bike,14,7.0,78,92,medium,15.217391304347828
600,1.3,Foggy,Low,Evening,Bike,19,5.0,29,48,short,39.58333333333333
850,12.11,Rainy,Low,Morning,Bike,9,5.0,59,68,medium,13.23529411764706
266,14.94,Clear,Medium,Morning,Bike,11,0.0,62,73,medium,15.068493150684931
996,2.29,Rainy,High,Afternoon,Car,8,8.0,80,88,short,9.090909090909092
530,17.36,Rainy,High,Afternoon,Bike,24,1.0,105,129,long,18.6046511627907
56,18.48,Clear,Medium,Night,Bike,8,0.0,82,90,long,8.88888888888889
121,16.25,Foggy,High,Morning,Bike,10,5.0,91,101,long,9.900990099009901
216,5.13,Clear,Low,Morning,Car,15,4.0,30,45,medium,33.33333333333333
26,15.81,Clear,Low,Morning,Car,25,1.0,92,117,long,21.367521367521366
73,0.61,Clear,Low,Afternoon,Scooter,10,0.0,16,26,short,38.46153846153847
45,5.55,Foggy,High,Evening,Bike,18,1.0,116,134,medium,13.432835820895523
248,19.35,Clear,High,Morning,Bike,12,7.0,75,87,long,13.793103448275861
722,4.03,Clear,Medium,Evening,Bike,9,5.0,25,34,short,26.47058823529412
282,7.09,Snowy,Low,Morning,Scooter,13,8.0,37,50,medium,26.0
894,8.25,Clear,Medium,Afternoon,Bike,7,9.0,28,35,medium,20.0
915,11.26,Clear,Low,Night,Bike,5,6.0,49,54,medium,9.25925925925926
811,19.7,Rainy,Low,Evening,Bike,10,2.0,60,70,long,14.285714285714285
245,0.8,Snowy,High,Evening,Bike,14,9.0,36,50,short,28.000000000000004
823,7.0,Rainy,Medium,Evening,Bike,17,9.0,49,66,medium,25.757575757575758
322,14.43,Clear,Medium,Morning,Car,14,4.0,113,127,medium,11.023622047244094
644,6.89,Rainy,Medium,Afternoon,Bike,11,6.0,43,54,medium,20.37037037037037
159,5.13,Foggy,Medium,Evening,Car,25,1.0,60,85,medium,29.411764705882355
978,1.5,Clear,Low,Afternoon,Bike,10,1.0,17,27,short,37.03703703703704
430,2.78,Clear,High,Afternoon,Scooter,9,0.0,41,50,short,18.0
942,11.31,Clear,Medium,Evening,Bike,7,0.0,54,61,medium,11.475409836065573
463,15.05,Clear,Medium,Evening,Car,12,2.0,66,78,long,15.384615384615385
310,5.78,Foggy,Low,Afternoon,Scooter,9,9.0,33,42,medium,21.428571428571427
698,11.83,Clear,Low,Evening,Scooter,9,7.0,32,41,medium,21.951219512195124
61,8.08,Foggy,Low,Morning,Bike,25,2.0,61,86,medium,29.069767441860467
885,16.1,Clear,Low,Evening,Bike,25,0.0,64,89,long,28.08988764044944
596,9.74,Rainy,Medium,Evening,Scooter,7,8.0,37,44,medium,15.909090909090908
768,17.6,Clear,Low,Afternoon,Bike,27,3.0,69,96,long,28.125
650,10.22,Snowy,Medium,Night,Bike,18,1.0,68,86,medium,20.930232558139537
651,2.19,Clear,Low,Evening,Bike,26,3.0,32,58,short,44.827586206896555
866,11.41,Windy,Medium,Afternoon,Scooter,17,4.0,68,85,medium,20.0
669,4.14,Clear,Medium,Morning,Scooter,14,2.0,30,44,short,31.818181818181817
299,12.65,Rainy,Low,Afternoon,Bike,18,8.0,60,78,medium,23.076923076923077
690,4.15,Clear,Medium,Morning,Car,17,8.0,46,63,short,26.984126984126984
315,16.8,Clear,High,Morning,Car,19,4.0,85,104,long,18.269230769230766
311,9.06,Clear,Medium,Evening,Bike,23,4.0,47,70,medium,32.857142857142854
362,13.04,Clear,Medium,Morning,Scooter,20,6.0,65,85,medium,23.52941176470588
480,10.7,Clear,Medium,Afternoon,Scooter,8,5.0,44,52,medium,15.384615384615385
111,6.15,Foggy,Low,Evening,Scooter,26,5.0,48,74,medium,35.13513513513514
990,16.47,Snowy,High,Evening,Scooter,20,9.0,75,95,long,21.052631578947366
487,1.39,Clear,Medium,Afternoon,Bike,15,4.0,24,39,short,38.46153846153847
364,11.14,Rainy,Medium,Morning,Scooter,7,3.0,47,54,medium,12.962962962962962
255,3.81,Rainy,High,Afternoon,Bike,5,6.0,31,36,short,13.88888888888889
260,2.39,Rainy,Medium,Evening,Bike,27,7.0,43,70,short,38.57142857142858
803,11.74,Clear,High,Evening,Car,6,3.0,54,60,medium,10.0
678,8.26,Clear,Low,Morning,Car,21,4.0,80,101,medium,20.792079207920793
495,9.54,Rainy,Medium,Evening,Scooter,11,5.0,47,58,medium,18.96551724137931
671,3.88,Clear,Medium,Morning,Bike,16,2.0,35,51,short,31.372549019607842
378,0.95,Rainy,Medium,Morning,Car,27,0.0,44,71,short,38.028169014084504
527,8.59,Clear,Low,Night,Scooter,17,8.0,36,53,medium,32.075471698113205
846,8.59,Clear,Low,Evening,Bike,22,2.0,43,65,medium,33.84615384615385
138,14.21,Clear,Medium,Evening,Bike,24,4.579381443298969,58,82,medium,29.268292682926827
356,13.03,Foggy,Low,Morning,Scooter,9,1.0,50,59,medium,15.254237288135593
366,8.03,Clear,Low,Evening,Scooter,14,8.0,42,56,medium,25.0
943,13.2,Snowy,Low,Morning,Car,14,3.0,62,76,medium,18.421052631578945
750,12.67,Clear,Medium,Evening,Car,10,3.0,65,75,medium,13.333333333333334
949,17.54,Clear,Medium,Morning,Car,16,8.0,54,70,long,22.857142857142858
830,9.32,Clear,Low,Morning,Scooter,6,5.0,30,36,medium,16.666666666666664
657,6.03,Rainy,High,Afternoon,Car,8,6.0,46,54,medium,14.814814814814813
200,15.71,Clear,Low,Afternoon,Scooter,28,5.0,69,97,long,28.865979381443296
214,4.87,Snowy,High,Evening,Bike,16,7.0,54,70,short,22.857142857142858
409,18.15,Rainy,High,Morning,Bike,22,7.0,108,130,long,16.923076923076923
333,0.78,Clear,Medium,Morning,Bike,6,1.0,17,23,short,26.08695652173913
209,0.6,Clear,Low,Afternoon,Bike,26,3.0,30,56,short,46.42857142857143
614,2.09,Clear,Medium,Evening,Bike,5,5.0,16,21,short,23.809523809523807
79,7.49,Clear,Medium,Morning,Scooter,13,9.0,45,58,medium,22.413793103448278
30,1.41,Foggy,Medium,Evening,Bike,15,0.0,72,87,short,17.24137931034483
536,18.92,Clear,High,Morning,Scooter,27,4.0,100,127,long,21.25984251968504
696,12.41,Clear,Medium,Morning,Car,10,1.0,51,61,medium,16.39344262295082
558,1.06,Clear,Low,Afternoon,Scooter,19,6.0,21,40,short,47.5
837,18.34,Clear,High,Night,Bike,9,4.0,92,101,long,8.91089108910891
597,13.52,Clear,Low,Morning,Scooter,27,1.0,82,109,medium,24.770642201834864
166,16.79,Foggy,High,Afternoon,Bike,24,6.0,85,109,long,22.018348623853214
919,15.39,Clear,Medium,Evening,Scooter,24,5.0,89,113,long,21.238938053097346
496,7.39,Rainy,Medium,Morning,Scooter,25,6.0,60,85,medium,29.411764705882355
825,10.98,Rainy,Low,Morning,Scooter,10,6.0,55,65,medium,15.384615384615385
66,11.08,Snowy,Medium,Morning,Bike,9,0.0,57,66,medium,13.636363636363635
142,5.41,Clear,Medium,Night,Bike,14,5.0,36,50,medium,28.000000000000004
926,0.94,Clear,High,Morning,Bike,9,6.0,21,30,short,30.0
828,7.27,Windy,Low,Afternoon,Bike,10,5.0,35,45,medium,22.22222222222222
656,2.99,Windy,Medium,Morning,Bike,27,5.0,41,68,short,39.705882352941174
332,15.28,Snowy,Low,Evening,Bike,16,5.0,72,88,long,18.181818181818183
665,2.48,Windy,Medium,Afternoon,Car,14,6.0,27,41,short,34.146341463414636
250,17.13,Rainy,Low,Evening,Car,19,1.0,71,90,long,21.11111111111111
908,7.17,Clear,Low,Afternoon,Bike,15,7.0,32,47,medium,31.914893617021278
709,5.47,Rainy,Low,Morning,Car,21,6.0,38,59,medium,35.59322033898305
306,19.53,Foggy,Low,Afternoon,Bike,11,6.0,87,98,long,11.224489795918368
735,7.5,Clear,High,Morning,Bike,29,1.0,66,95,medium,30.526315789473685
976,5.61,Windy,Low,Night,Bike,25,9.0,48,73,medium,34.24657534246575
50,4.1,Clear,Low,Morning,Bike,21,3.0,37,58,short,36.206896551724135
897,6.22,Rainy,Medium,Morning,Bike,15,0.0,49,64,medium,23.4375
3,14.77,Clear,High,Morning,Scooter,11,6.0,67,78,medium,14.102564102564102
545,12.55,Windy,Low,Evening,Bike,13,8.0,51,64,medium,20.3125
351,10.31,Foggy,Medium,Morning,Scooter,19,5.0,62,81,medium,23.456790123456788
905,8.72,Snowy,Medium,Evening,Car,18,7.0,64,82,medium,21.951219512195124
537,17.07,Clear,Medium,Morning,Bike,20,6.0,73,93,long,21.50537634408602
345,8.27,Clear,High,Afternoon,Scooter,13,5.0,58,71,medium,18.30985915492958
995,7.54,Snowy,Low,Afternoon,Bike,20,4.579381443298969,55,75,medium,26.666666666666668
482,14.07,Clear,High,Afternoon,Bike,5,8.0,67,72,medium,6.944444444444445
576,19.02,Clear,Medium,Afternoon,Bike,29,9.0,87,116,long,25.0
34,19.0,Clear,High,Morning,Car,28,3.0,96,124,long,22.58064516129032
32,3.83,Rainy,Medium,Afternoon,Bike,12,9.0,30,42,short,28.57142857142857
232,10.3,Clear,Low,Evening,Scooter,19,8.0,48,67,medium,28.35820895522388
964,8.09,Clear,High,Afternoon,Scooter,15,4.0,51,66,medium,22.727272727272727
193,18.06,Clear,Medium,Night,Bike,9,8.0,52,61,long,14.754098360655737
334,2.76,Windy,Medium,Morning,Scooter,8,5.0,22,30,short,26.666666666666668
4,12.17,Snowy,Low,Evening,Bike,20,8.0,68,88,medium,22.727272727272727
205,12.33,Clear,Medium,Evening,Bike,22,9.0,75,97,medium,22.68041237113402
515,1.38,Clear,Medium,Evening,Scooter,5,8.0,13,18,short,27.77777777777778
800,18.49,Clear,Low,Afternoon,Scooter,14,6.0,71,85,long,16.470588235294116
307,10.57,Snowy,Low,Afternoon,Bike,28,9.0,59,87,medium,32.18390804597701
110,2.0,Clear,High,Evening,Scooter,10,2.0,30,40,short,25.0
431,3.29,Clear,Medium,Afternoon,Scooter,17,4.0,32,49,short,34.69387755102041
78,1.94,Rainy,Medium,Morning,Bike,16,0.0,35,51,short,31.372549019607842
85,6.56,Windy,Medium,Morning,Bike,14,1.0,47,61,medium,22.950819672131146
287,9.58,Clear,High,Afternoon,Car,26,8.0,60,86,medium,30.23255813953488
83,6.95,Clear,Medium,Morning,Scooter,25,2.0,58,83,medium,30.120481927710845
992,14.05,Clear,High,Morning,Scooter,19,0.0,72,91,medium,20.87912087912088
790,18.97,Rainy,High,Night,Bike,20,8.0,108,128,long,15.625
895,13.53,Rainy,Low,Evening,Bike,28,8.0,78,106,medium,26.41509433962264
399,15.14,Rainy,Medium,Morning,Bike,8,6.0,66,74,long,10.81081081081081
324,5.96,Clear,Low,Afternoon,Bike,26,6.0,48,74,medium,35.13513513513514
520,3.43,Windy,Medium,Morning,Bike,7,6.0,23,30,short,23.333333333333332
917,6.24,Clear,Medium,Evening,Bike,15,3.0,52,67,medium,22.388059701492537
923,17.94,Rainy,High,Evening,Scooter,22,6.0,85,107,long,20.5607476635514
6,3.54,Rainy,Medium,Evening,Bike,10,5.0,32,42,short,23.809523809523807
732,16.38,Rainy,Medium,Night,Bike,7,4.579381443298969,90,97,long,7.216494845360824
466,7.81,Clear,Low,Evening,Bike,11,4.0,42,53,medium,20.754716981132077
98,8.84,Clear,Medium,Morning,Bike,26,0.0,57,83,medium,31.32530120481928
267,14.09,Clear,Medium,Afternoon,Scooter,12,3.0,55,67,medium,17.91044776119403
358,11.92,Clear,Low,Afternoon,Scooter,14,4.0,46,60,medium,23.333333333333332
869,17.3,Clear,Low,Evening,Scooter,9,0.0,67,76,long,11.842105263157894
799,14.08,Clear,High,Morning,Bike,28,6.0,66,94,medium,29.78723404255319
381,2.8,Clear,High,Afternoon,Bike,28,1.0,50,78,short,35.8974358974359
632,17.96,Clear,Medium,Morning,Bike,22,2.0,76,98,long,22.448979591836736
382,14.09,Clear,High,Afternoon,Bike,12,6.0,67,79,medium,15.18987341772152
491,9.39,Clear,Low,Morning,Bike,14,2.0,37,51,medium,27.450980392156865
119,17.9,Clear,Low,Morning,Bike,23,4.579381443298969,85,108,long,21.296296296296298
901,4.55,Rainy,Low,Afternoon,Bike,5,6.0,21,26,short,19.230769230769234
251,6.24,Snowy,Low,Afternoon,Bike,20,4.0,51,71,medium,28.169014084507044
524,16.92,Clear,Low,Morning,Scooter,29,0.0,70,99,long,29.292929292929294
10,14.31,Clear,Medium,Morning,Bike,9,8.0,47,56,medium,16.071428571428573
197,14.66,Windy,Medium,Morning,Bike,20,2.0,77,97,medium,20.618556701030926
604,2.23,Clear,Low,Morning,Bike,7,6.0,14,21,short,33.33333333333333
82,12.65,Clear,Low,Evening,Bike,15,4.0,66,81,medium,18.51851851851852
784,7.24,Rainy,Medium,Evening,Bike,28,6.0,65,93,medium,30.107526881720432
588,3.01,Clear,Medium,Evening,Bike,14,4.0,26,40,short,35.0
798,11.52,Clear,Medium,Morning,Scooter,25,2.0,58,83,medium,30.120481927710845
240,3.95,Clear,Low,Afternoon,Bike,13,5.0,25,38,short,34.21052631578947
291,1.09,Clear,Medium,Morning,Scooter,6,2.0,17,23,short,26.08695652173913
212,13.99,Clear,High,Evening,Scooter,7,3.0,96,103,medium,6.796116504854369
718,19.32,Rainy,High,Morning,Car,21,7.0,112,133,long,15.789473684210526
360,11.72,Rainy,Low,Evening,Bike,11,9.0,42,53,medium,20.754716981132077
450,2.13,Rainy,Low,Morning,Scooter,9,2.0,22,31,short,29.03225806451613
228,8.17,Clear,Medium,Afternoon,Scooter,20,9.0,44,64,medium,31.25
951,12.21,Clear,High,Morning,Bike,9,4.0,57,66,medium,13.636363636363635
947,3.17,Clear,Medium,Evening,Scooter,17,6.0,33,50,short,34.0
797,18.68,Snowy,Low,Afternoon,Bike,11,8.0,62,73,long,15.068493150684931
502,10.95,Clear,Medium,Evening,Scooter,24,4.0,55,79,medium,30.37974683544304
465,19.26,Windy,Medium,Morning,Scooter,21,6.0,67,88,long,23.863636363636363
363,9.44,Rainy,Medium,Evening,Scooter,28,8.0,63,91,medium,30.76923076923077
469,4.86,Foggy,Medium,Evening,Car,25,4.0,52,77,short,32.467532467532465
936,5.81,Foggy,Low,Afternoon,Bike,25,8.0,51,76,medium,32.89473684210527
429,7.34,Rainy,Low,Evening,Bike,22,8.0,47,69,medium,31.88405797101449
8,17.39,Foggy,Medium,Morning,Bike,25,4.0,100,125,long,20.0
156,5.22,Snowy,Low,Evening,Bike,11,9.0,40,51,medium,21.568627450980394
542,12.32,Clear,Medium,Evening,Scooter,17,4.0,71,88,medium,19.318181818181817
441,2.15,Windy,Medium,Afternoon,Car,17,6.0,30,47,short,36.17021276595745
483,9.36,Rainy,High,Morning,Scooter,17,2.0,65,82,medium,20.73170731707317
423,2.28,Clear,Medium,Evening,Scooter,27,9.0,39,66,short,40.909090909090914
779,14.54,Clear,Medium,Evening,Bike,29,2.0,73,102,medium,28.431372549019606
950,12.15,Clear,High,Morning,Car,12,6.0,63,75,medium,16.0
335,1.4,Windy,Low,Evening,Bike,9,9.0,17,26,short,34.61538461538461
577,3.37,Clear,High,Morning,Bike,9,4.579381443298969,28,37,short,24.324324324324326
935,3.85,Rainy,Medium,Afternoon,Bike,26,3.0,46,72,short,36.11111111111111
568,9.03,Clear,Low,Morning,Bike,11,5.0,43,54,medium,20.37037037037037
595,17.99,Snowy,Low,Afternoon,Bike,15,3.0,63,78,long,19.230769230769234
531,16.35,Clear,Medium,Morning,Bike,16,0.0,66,82,long,19.51219512195122
582,19.61,Clear,High,Evening,Bike,8,6.0,72,80,long,10.0
708,16.29,Clear,Low,Morning,Bike,20,1.0,72,92,long,21.73913043478261
449,7.84,Windy,Low,Afternoon,Bike,6,4.0,28,34,medium,17.647058823529413
454,18.17,Rainy,Low,Afternoon,Car,13,0.0,71,84,long,15.476190476190476
229,17.89,Windy,Low,Morning,Bike,27,1.0,101,128,long,21.09375
353,13.34,Clear,Medium,Night,Bike,20,6.0,53,73,medium,27.397260273972602
729,4.43,Foggy,Low,Morning,Scooter,10,1.0,63,73,short,13.698630136986301
213,13.21,Clear,Medium,Morning,Scooter,12,4.0,63,75,medium,16.0
80,2.76,Windy,Medium,Night,Bike,6,2.0,27,33,short,18.181818181818183
149,1.5,Foggy,Medium,Evening,Scooter,15,4.0,32,47,short,31.914893617021278
303,11.04,Clear,Medium,Afternoon,Scooter,8,2.0,54,62,medium,12.903225806451612
629,1.22,Clear,Medium,Evening,Scooter,6,4.579381443298969,14,20,short,30.0
778,14.58,Clear,Low,Afternoon,Bike,13,4.579381443298969,57,70,medium,18.571428571428573
507,18.26,Rainy,High,Night,Scooter,28,7.0,93,121,long,23.140495867768596
343,3.88,Foggy,Low,Evening,Car,27,9.0,42,69,short,39.130434782608695
486,18.07,Clear,High,Afternoon,Scooter,5,2.0,67,72,long,6.944444444444445
712,12.11,Clear,Medium,Evening,Bike,28,0.0,75,103,medium,27.184466019417474
134,7.08,Clear,Medium,Afternoon,Scooter,5,8.0,27,32,medium,15.625
704,3.12,Rainy,Low,Evening,Scooter,14,5.0,28,42,short,33.33333333333333
312,2.03,Foggy,High,Evening,Car,14,4.0,36,50,short,28.000000000000004
723,1.8,Clear,Medium,Night,Bike,14,1.0,28,42,short,33.33333333333333
630,5.42,Clear,Low,Evening,Scooter,11,9.0,26,37,medium,29.72972972972973
1,7.8,Clear,Low,Evening,Scooter,23,5.0,52,75,medium,30.666666666666664
317,8.47,Rainy,Low,Afternoon,Scooter,19,0.0,48,67,medium,28.35820895522388
707,6.79,Rainy,Low,Evening,Scooter,16,1.0,39,55,medium,29.09090909090909
548,13.6,Rainy,Medium,Afternoon,Scooter,23,6.0,83,106,medium,21.69811320754717
873,13.06,Rainy,High,Morning,Bike,17,8.0,59,76,medium,22.36842105263158
533,19.93,Snowy,Low,Afternoon,Bike,6,6.0,59,65,long,9.230769230769232
478,11.3,Snowy,Medium,Afternoon,Bike,15,8.0,70,85,medium,17.647058823529413
405,6.74,Rainy,Medium,Evening,Car,21,9.0,47,68,medium,30.88235294117647
173,10.49,Rainy,Low,Morning,Bike,28,9.0,66,94,medium,29.78723404255319
126,8.83,Clear,Medium,Evening,Scooter,12,3.0,109,121,medium,9.917355371900827
395,7.15,Clear,High,Night,Car,29,7.0,60,89,medium,32.58426966292135
421,15.94,Clear,Low,Evening,Bike,24,2.0,77,101,long,23.762376237623762
553,11.26,Foggy,High,Afternoon,Bike,14,2.0,70,84,medium,16.666666666666664
904,11.87,Clear,Medium,Morning,Bike,10,6.0,43,53,medium,18.867924528301888
91,2.83,Windy,Medium,Afternoon,Scooter,14,6.0,28,42,short,33.33333333333333
940,11.74,Clear,Low,Afternoon,Car,20,1.0,52,72,medium,27.77777777777778
182,2.71,Clear,Low,Morning,Scooter,6,1.0,20,26,short,23.076923076923077
275,10.47,Clear,High,Evening,Scooter,14,7.0,55,69,medium,20.28985507246377
896,4.5,Snowy,High,Evening,Bike,24,0.0,66,90,short,26.666666666666668
70,19.74,Clear,Low,Morning,Car,21,7.0,71,92,long,22.82608695652174
292,1.23,Clear,Low,Evening,Bike,18,6.0,21,39,short,46.15384615384615
132,4.83,Clear,Low,Evening,Bike,11,1.0,29,40,short,27.500000000000004
301,1.51,Clear,High,Afternoon,Bike,14,2.0,32,46,short,30.434782608695656
425,1.62,Windy,Low,Evening,Bike,9,8.0,16,25,short,36.0
327,11.31,Clear,High,Evening,Bike,20,0.0,67,87,medium,22.988505747126435
145,6.05,Clear,Medium,Morning,Car,24,0.0,48,72,medium,33.33333333333333
424,10.14,Clear,Medium,Morning,Scooter,20,1.0,59,79,medium,25.31645569620253
581,9.45,Clear,Low,Afternoon,Car,13,0.0,49,62,medium,20.967741935483872
136,6.8,Clear,High,Evening,Bike,28,5.0,55,83,medium,33.734939759036145
451,15.65,Clear,Low,Afternoon,Bike,27,0.0,76,103,long,26.21359223300971
165,2.26,Clear,Medium,Morning,Scooter,6,3.0,19,25,short,24.0
29,12.05,Clear,Low,Evening,Scooter,29,4.0,61,90,medium,32.22222222222222
774,8.25,Windy,Medium,Evening,Car,24,4.0,62,86,medium,27.906976744186046
194,12.85,Rainy,Medium,Afternoon,Scooter,23,0.0,80,103,medium,22.330097087378643
389,15.14,Windy,Medium,Morning,Bike,15,4.0,71,86,long,17.441860465116278
853,4.59,Foggy,Low,Evening,Scooter,19,8.0,36,55,short,34.54545454545455
170,12.02,Clear,Low,Afternoon,Bike,26,0.0,63,89,medium,29.213483146067414
706,19.8,Clear,High,Evening,Bike,7,3.0,88,95,long,7.368421052631578
141,19.27,Foggy,High,Afternoon,Bike,14,6.0,92,106,long,13.20754716981132
174,4.92,Clear,High,Morning,Scooter,12,0.0,41,53,short,22.641509433962266
7,1.63,Rainy,Medium,Night,Bike,24,5.0,38,62,short,38.70967741935484
746,18.04,Clear,Medium,Morning,Bike,8,5.0,71,79,long,10.126582278481013
479,19.4,Snowy,Medium,Afternoon,Scooter,23,9.0,92,115,long,20.0
74,16.4,Clear,High,Morning,Scooter,12,2.0,70,82,long,14.634146341463413
911,12.01,Clear,Low,Morning,Car,5,7.0,42,47,medium,10.638297872340425
814,18.46,Clear,Medium,Morning,Scooter,29,1.0,153,182,long,15.934065934065933
239,13.09,Windy,Low,Morning,Scooter,17,1.0,69,86,medium,19.767441860465116
146,1.22,Foggy,High,Afternoon,Scooter,14,2.0,38,52,short,26.923076923076923
793,10.36,Rainy,Medium,Afternoon,Bike,7,8.0,39,46,medium,15.217391304347828
235,4.31,Rainy,Medium,Afternoon,Bike,9,2.0,35,44,short,20.454545454545457
221,13.32,Windy,Medium,Afternoon,Bike,26,0.0,71,97,medium,26.804123711340207
924,16.1,Clear,Low,Morning,Car,16,6.0,61,77,long,20.77922077922078
501,14.11,Rainy,High,Morning,Scooter,24,3.0,93,117,medium,20.51282051282051
133,2.84,Clear,Medium,Night,Scooter,28,1.0,44,72,short,38.88888888888889
991,16.09,Snowy,Low,Morning,Car,13,6.0,69,82,long,15.853658536585366
775,16.05,Snowy,Medium,Evening,Bike,11,2.0,89,100,long,11.0
186,13.37,Windy,High,Afternoon,Scooter,17,8.0,63,80,medium,21.25
42,10.16,Snowy,Medium,Night,Bike,10,1.0,67,77,medium,12.987012987012985
697,6.13,Clear,Medium,Night,Scooter,22,0.0,48,70,medium,31.428571428571427
109,4.96,Rainy,Low,Afternoon,Car,10,7.0,28,38,short,26.31578947368421
589,3.0,Clear,Low,Morning,Scooter,29,1.0,43,72,short,40.27777777777778
57,2.23,Snowy,Medium,Evening,Car,14,0.0,41,55,short,25.454545454545453
406,17.96,Clear,Medium,Evening,Scooter,26,0.0,74,100,long,26.0
443,7.8,Rainy,Medium,Morning,Bike,11,7.0,49,60,medium,18.333333333333332
758,10.9,Clear,High,Afternoon,Scooter,6,8.0,47,53,medium,11.320754716981133
998,3.17,Clear,Low,Afternoon,Bike,17,1.0,28,45,short,37.77777777777778
25,9.39,Windy,Medium,Morning,Scooter,21,9.0,50,71,medium,29.577464788732392
468,17.44,Clear,Low,Evening,Bike,25,9.0,89,114,long,21.929824561403507
540,3.02,Rainy,Medium,Morning,Bike,23,1.0,46,69,short,33.33333333333333
532,19.99,Rainy,High,Evening,Bike,17,1.0,112,129,long,13.178294573643413
619,16.22,Rainy,High,Evening,Bike,22,0.0,102,124,long,17.741935483870968
695,2.74,Clear,High,Afternoon,Bike,18,9.0,37,55,short,32.72727272727273
927,5.74,Rainy,High,Evening,Bike,13,9.0,46,59,medium,22.033898305084744
339,9.75,Clear,Low,Afternoon,Bike,22,7.0,50,72,medium,30.555555555555557
52,15.62,Rainy,Medium,Afternoon,Scooter,23,7.0,78,101,long,22.772277227722775
508,16.54,Rainy,Medium,Afternoon,Bike,25,7.0,77,102,long,24.509803921568626
517,7.84,Rainy,Low,Morning,Scooter,7,8.0,36,43,medium,16.27906976744186
921,17.44,Clear,Low,Night,Car,23,0.0,85,108,long,21.296296296296298
782,11.08,Windy,High,Afternoon,Bike,16,6.0,70,86,medium,18.6046511627907
265,17.61,Clear,Medium,Evening,Scooter,21,9.0,79,100,long,21.0
818,8.28,Snowy,Low,Evening,Car,29,7.0,58,87,medium,33.33333333333333
711,15.32,Clear,Medium,Morning,Bike,17,6.0,80,97,long,17.525773195876287
683,3.83,Rainy,Low,Evening,Car,27,3.0,49,76,short,35.526315789473685
833,3.25,Rainy,Medium,Evening,Scooter,29,0.0,51,80,short,36.25
519,19.75,Clear,Medium,Morning,Bike,25,1.0,103,128,long,19.53125
448,15.19,Foggy,Low,Evening,Scooter,6,4.0,53,59,long,10.16949152542373
19,8.92,Windy,Medium,Morning,Bike,25,4.0,62,87,medium,28.735632183908045
716,18.63,Windy,Low,Afternoon,Bike,11,5.0,85,96,long,11.458333333333332
484,12.74,Clear,Low,Night,Scooter,18,0.0,67,85,medium,21.176470588235293
569,18.13,Rainy,High,Evening,Bike,21,2.0,88,109,long,19.26605504587156
434,2.47,Rainy,Low,Afternoon,Car,22,6.0,34,56,short,39.285714285714285
368,18.15,Windy,Medium,Morning,Bike,11,2.0,89,100,long,11.0
84,1.74,Foggy,High,Afternoon,Scooter,8,9.0,28,36,short,22.22222222222222
62,5.79,Windy,Medium,Morning,Bike,26,6.0,49,75,medium,34.66666666666667
639,5.75,Windy,High,Morning,Scooter,7,4.0,37,44,medium,15.909090909090908
273,17.41,Snowy,Medium,Evening,Bike,20,4.0,80,100,long,20.0
286,1.2,Rainy,Low,Morning,Scooter,24,7.0,33,57,short,42.10526315789473
361,8.07,Windy,Low,Evening,Bike,21,4.0,48,69,medium,30.434782608695656
355,1.88,Clear,Medium,Morning,Scooter,24,7.0,35,59,short,40.67796610169492
457,0.72,Rainy,Medium,Afternoon,Scooter,9,2.0,23,32,short,28.125
279,14.19,Clear,Medium,Afternoon,Bike,9,1.0,57,66,medium,13.636363636363635
13,16.73,Windy,High,Afternoon,Scooter,9,7.0,71,80,long,11.25
183,18.53,Rainy,Low,Afternoon,Scooter,8,8.0,57,65,long,12.307692307692308
369,4.32,Clear,Low,Morning,Bike,21,9.0,34,55,short,38.18181818181819
882,13.6,Foggy,High,Evening,Bike,9,7.0,61,70,medium,12.857142857142856
616,18.46,Rainy,Low,Morning,Bike,19,9.0,94,113,long,16.8141592920354
224,7.67,Windy,Low,Morning,Car,9,2.0,31,40,medium,22.5
573,8.23,Snowy,Low,Evening,Bike,17,3.0,56,73,medium,23.28767123287671
971,13.44,Clear,Low,Night,Bike,29,0.0,63,92,medium,31.521739130434785
654,15.04,Clear,Low,Morning,Car,24,5.0,60,84,long,28.57142857142857
546,7.48,Clear,Medium,Morning,Car,21,4.0,52,73,medium,28.767123287671232
583,10.11,Rainy,Medium,Afternoon,Scooter,23,2.0,63,86,medium,26.744186046511626
634,10.88,Snowy,Low,Afternoon,Car,13,3.0,52,65,medium,20.0
177,13.97,Snowy,Low,Evening,Scooter,14,8.0,52,66,medium,21.21212121212121
666,3.48,Foggy,Low,Afternoon,Scooter,9,1.0,31,40,short,22.5
674,10.73,Foggy,Low,Morning,Bike,6,6.0,35,41,medium,14.634146341463413
586,5.18,Clear,Medium,Afternoon,Car,9,2.0,30,39,medium,23.076923076923077
874,8.47,Foggy,Medium,Evening,Bike,24,0.0,68,92,medium,26.08695652173913
394,15.64,Rainy,Low,Morning,Bike,20,4.0,141,161,long,12.422360248447205
164,10.95,Snowy,Medium,Afternoon,Bike,9,1.0,65,74,medium,12.162162162162163
249,19.29,Windy,Medium,Evening,Scooter,7,8.0,84,91,long,7.6923076923076925
635,2.59,Windy,Medium,Morning,Bike,13,5.0,28,41,short,31.70731707317073
886,3.98,Clear,High,Night,Car,19,3.0,41,60,short,31.666666666666664
670,6.06,Foggy,Low,Afternoon,Scooter,10,8.0,41,51,medium,19.607843137254903
376,6.72,Foggy,Low,Evening,Bike,8,5.0,31,39,medium,20.51282051282051
413,19.04,Clear,Medium,Morning,Scooter,27,2.0,85,112,long,24.107142857142858
75,14.28,Windy,High,Afternoon,Scooter,23,5.0,77,100,medium,23.0
114,16.26,Rainy,High,Morning,Bike,16,6.0,70,86,long,18.6046511627907
599,4.25,Clear,Low,Afternoon,Bike,5,4.0,22,27,short,18.51851851851852
962,12.26,Clear,Low,Afternoon,Bike,20,2.0,66,86,medium,23.25581395348837
391,19.81,Clear,Low,Afternoon,Bike,27,1.0,74,101,long,26.732673267326735
105,18.2,Windy,Medium,Morning,Bike,27,1.0,108,135,long,20.0
115,12.85,Rainy,Medium,Morning,Scooter,14,8.0,73,87,medium,16.091954022988507
418,6.91,Clear,Low,Evening,Bike,27,8.0,91,118,medium,22.88135593220339
526,9.64,Clear,Low,Morning,Bike,10,5.0,46,56,medium,17.857142857142858
458,9.64,Rainy,Medium,Evening,Bike,14,6.0,52,66,medium,21.21212121212121
410,2.28,Foggy,Medium,Morning,Scooter,27,6.0,44,71,short,38.028169014084504
93,15.34,Rainy,Low,Afternoon,Bike,18,6.0,54,72,long,25.0
931,3.22,Rainy,Medium,Night,Bike,14,8.0,34,48,short,29.166666666666668
90,9.71,Clear,Low,Morning,Bike,8,1.0,49,57,medium,14.035087719298245
337,17.18,Clear,Medium,Night,Scooter,13,1.0,62,75,long,17.333333333333336
989,5.3,Clear,Medium,Afternoon,Scooter,29,3.0,47,76,medium,38.15789473684211
922,10.0,Clear,Medium,Afternoon,Scooter,6,9.0,47,53,medium,11.320754716981133
934,10.75,Rainy,Medium,Morning,Bike,8,6.0,60,68,medium,11.76470588235294
606,9.49,Rainy,Medium,Morning,Car,23,6.0,53,76,medium,30.263157894736842
594,7.24,Clear,Medium,Afternoon,Bike,28,7.0,57,85,medium,32.94117647058823
612,16.09,Rainy,Low,Morning,Bike,21,8.0,66,87,long,24.137931034482758
95,15.53,Clear,Low,Morning,Bike,26,6.0,83,109,long,23.853211009174313
12,19.41,Windy,Low,Morning,Bike,11,8.0,62,73,long,15.068493150684931
397,17.24,Clear,Low,Evening,Bike,17,5.0,69,86,long,19.767441860465116
534,11.33,Clear,Low,Morning,Bike,25,3.0,60,85,medium,29.411764705882355
44,18.23,Rainy,Low,Afternoon,Scooter,27,9.0,86,113,long,23.893805309734514
43,1.17,Clear,Medium,Morning,Bike,16,9.0,25,41,short,39.02439024390244
330,5.33,Clear,Low,Evening,Car,29,1.0,51,80,medium,36.25
168,4.14,Rainy,Low,Morning,Bike,23,2.0,41,64,short,35.9375
498,2.02,Clear,High,Evening,Bike,28,5.0,44,72,short,38.88888888888889
877,14.46,Rainy,Medium,Morning,Scooter,11,9.0,68,79,medium,13.924050632911392
598,3.86,Clear,Medium,Afternoon,Bike,21,8.0,34,55,short,38.18181818181819
757,12.59,Windy,Medium,Morning,Bike,13,9.0,62,75,medium,17.333333333333336
101,1.11,Clear,High,Morning,Scooter,22,8.0,35,57,short,38.59649122807017
427,9.11,Clear,Low,Afternoon,Bike,19,6.0,42,61,medium,31.147540983606557
179,18.77,Snowy,Medium,Evening,Bike,24,0.0,115,139,long,17.26618705035971
445,16.35,Foggy,Medium,Night,Bike,16,6.0,67,83,long,19.27710843373494
417,6.22,Clear,Low,Afternoon,Bike,16,9.0,29,45,medium,35.55555555555556
871,7.78,Foggy,High,Afternoon,Bike,25,3.0,74,99,medium,25.252525252525253
883,0.88,Rainy,Low,Night,Car,27,2.0,37,64,short,42.1875
681,16.43,Clear,Low,Evening,Bike,13,5.0,56,69,long,18.84057971014493
178,8.04,Clear,Medium,Evening,Car,27,0.0,65,92,medium,29.347826086956523
396,18.65,Foggy,Low,Night,Car,19,2.0,68,87,long,21.839080459770116
912,5.73,Foggy,Low,Morning,Scooter,7,2.0,30,37,medium,18.91891891891892
794,12.42,Rainy,Low,Evening,Bike,28,9.0,79,107,medium,26.168224299065418
961,2.11,Clear,Low,Afternoon,Scooter,28,5.0,34,62,short,45.16129032258064
685,18.62,Clear,Low,Evening,Scooter,27,6.0,75,102,long,26.47058823529412
384,17.61,Clear,Medium,Morning,Scooter,19,3.0,80,99,long,19.19191919191919
957,10.62,Rainy,Medium,Night,Bike,7,2.0,48,55,medium,12.727272727272727
752,18.83,Clear,Medium,Night,Bike,8,0.0,68,76,long,10.526315789473683
258,14.07,Clear,Medium,Morning,Bike,16,9.0,73,89,medium,17.97752808988764
539,9.29,Clear,Medium,Evening,Bike,10,9.0,40,50,medium,20.0
336,1.29,Rainy,Low,Evening,Bike,7,7.0,15,22,short,31.818181818181817
16,4.08,Windy,Medium,Afternoon,Bike,7,0.0,33,40,short,17.5
325,19.12,Windy,High,Evening,Car,8,0.0,92,100,long,8.0
759,17.93,Clear,Medium,Afternoon,Bike,29,4.0,85,114,long,25.438596491228072
223,2.33,Clear,Low,Morning,Car,6,1.0,17,23,short,26.08695652173913
180,3.18,Rainy,Medium,Evening,Bike,21,3.0,42,63,short,33.33333333333333
984,1.97,Clear,High,Morning,Car,28,7.0,43,71,short,39.436619718309856
23,6.2,Windy,High,Evening,Scooter,7,3.0,42,49,medium,14.285714285714285
357,1.02,Windy,High,Evening,Bike,6,8.0,21,27,short,22.22222222222222
667,5.3,Clear,Low,Evening,Bike,16,5.0,32,48,medium,33.33333333333333
862,9.34,Rainy,Low,Evening,Car,10,0.0,40,50,medium,20.0
341,10.09,Clear,Medium,Evening,Bike,7,0.0,49,56,medium,12.5
432,15.35,Rainy,High,Night,Scooter,23,9.0,80,103,long,22.330097087378643
552,17.12,Rainy,Low,Morning,Bike,26,3.0,86,112,long,23.214285714285715
834,3.94,Snowy,Low,Afternoon,Bike,19,3.0,43,62,short,30.64516129032258
204,18.02,Clear,Medium,Evening,Car,12,3.0,77,89,long,13.48314606741573
631,14.41,Snowy,Medium,Evening,Bike,8,8.0,75,83,medium,9.63855421686747
94,11.44,Rainy,Medium,Evening,Car,20,2.0,57,77,medium,25.97402597402597
559,15.23,Foggy,Low,Morning,Car,6,0.0,52,58,long,10.344827586206897
69,1.95,Clear,Low,Morning,Scooter,16,2.0,23,39,short,41.02564102564102
623,7.72,Rainy,Medium,Morning,Bike,11,4.579381443298969,36,47,medium,23.404255319148938
285,11.78,Clear,Low,Afternoon,Scooter,26,3.0,71,97,medium,26.804123711340207
845,3.4,Windy,Medium,Morning,Bike,11,6.0,30,41,short,26.82926829268293
435,2.14,Clear,High,Evening,Bike,18,3.0,34,52,short,34.61538461538461
154,10.04,Rainy,High,Afternoon,Bike,12,9.0,59,71,medium,16.901408450704224
76,14.72,Clear,Medium,Evening,Scooter,15,8.0,80,95,medium,15.789473684210526
731,3.7,Clear,Medium,Morning,Bike,28,7.0,45,73,short,38.35616438356164
447,19.73,Rainy,Low,Evening,Bike,8,8.0,64,72,long,11.11111111111111
189,10.83,Clear,Medium,Evening,Scooter,8,9.0,51,59,medium,13.559322033898304
272,16.3,Foggy,Low,Morning,Car,12,1.0,100,112,long,10.714285714285714
237,5.98,Foggy,High,Morning,Bike,14,6.0,44,58,medium,24.137931034482758
488,5.98,Rainy,High,Morning,Bike,21,2.0,60,81,medium,25.925925925925924
118,4.14,Foggy,Medium,Morning,Bike,21,0.0,46,67,short,31.343283582089555
944,16.68,Clear,Medium,Afternoon,Bike,9,9.0,63,72,long,12.5
513,18.69,Windy,Medium,Night,Bike,23,9.0,74,97,long,23.711340206185564
826,18.44,Rainy,High,Morning,Bike,27,7.0,80,107,long,25.233644859813083
592,13.0,Windy,High,Morning,Bike,22,8.0,65,87,medium,25.287356321839084
127,16.45,Clear,Medium,Evening,Scooter,25,3.0,87,112,long,22.321428571428573
117,16.17,Clear,Medium,Evening,Car,10,2.0,116,126,long,7.936507936507936
474,17.88,Clear,Medium,Evening,Bike,29,3.0,98,127,long,22.83464566929134
694,5.23,Clear,Medium,Morning,Scooter,19,4.0,37,56,medium,33.92857142857143
58,4.32,Clear,Medium,Morning,Bike,17,4.0,36,53,short,32.075471698113205
864,9.09,Rainy,Medium,Morning,Bike,6,7.0,43,49,medium,12.244897959183673
913,12.67,Windy,Medium,Morning,Scooter,7,3.0,43,50,medium,14.000000000000002
370,1.85,Clear,Medium,Evening,Bike,10,1.0,24,34,short,29.411764705882355
269,7.51,Rainy,Low,Evening,Car,27,6.0,50,77,medium,35.064935064935064
47,6.58,Clear,Low,Afternoon,Bike,13,1.0,34,47,medium,27.659574468085108
350,12.7,Clear,Low,Morning,Scooter,22,2.0,57,79,medium,27.848101265822784
196,7.31,Foggy,Medium,Afternoon,Bike,26,2.0,65,91,medium,28.57142857142857
1000,9.2,Clear,High,Morning,Scooter,9,9.0,48,57,medium,15.789473684210526
835,10.22,Foggy,Low,Afternoon,Scooter,21,0.0,61,82,medium,25.609756097560975
737,8.15,Clear,High,Evening,Scooter,12,9.0,43,55,medium,21.818181818181817
264,10.61,Clear,Medium,Morning,Bike,17,0.0,59,76,medium,22.36842105263158
444,7.73,Clear,High,Night,Bike,29,5.0,58,87,medium,33.33333333333333
676,19.66,Clear,Low,Morning,Car,19,6.0,70,89,long,21.34831460674157
305,14.66,Snowy,High,Morning,Car,5,6.0,71,76,medium,6.578947368421052
342,9.73,Clear,Low,Afternoon,Bike,29,6.0,60,89,medium,32.58426966292135
967,14.52,Clear,Medium,Afternoon,Car,26,5.0,86,112,medium,23.214285714285715
150,5.93,Foggy,High,Morning,Scooter,27,1.0,106,133,medium,20.30075187969925
125,4.94,Rainy,High,Evening,Scooter,28,4.0,63,91,short,30.76923076923077
787,11.88,Rainy,High,Afternoon,Car,29,9.0,78,107,medium,27.102803738317753
51,19.41,Foggy,Medium,Morning,Car,7,6.0,66,73,long,9.58904109589041
354,3.68,Clear,High,Afternoon,Car,16,6.0,47,63,short,25.396825396825395
928,11.06,Clear,High,Evening,Bike,6,9.0,53,59,medium,10.16949152542373
143,10.2,Rainy,Medium,Afternoon,Bike,18,9.0,56,74,medium,24.324324324324326
471,0.74,Rainy,Low,Morning,Car,13,4.0,21,34,short,38.23529411764706
400,15.21,Snowy,Medium,Afternoon,Bike,20,9.0,90,110,long,18.181818181818183
626,7.69,Rainy,High,Morning,Scooter,16,3.0,58,74,medium,21.62162162162162
321,11.21,Clear,High,Afternoon,Scooter,23,1.0,76,99,medium,23.232323232323232
20,6.18,Clear,Medium,Evening,Bike,9,9.0,35,44,medium,20.454545454545457
810,2.71,Clear,Medium,Morning,Car,6,5.0,19,25,short,24.0
791,3.49,Clear,Medium,Morning,Bike,17,2.0,38,55,short,30.909090909090907
809,9.29,Clear,Medium,Morning,Bike,17,2.0,49,66,medium,25.757575757575758
408,0.71,Foggy,Low,Night,Bike,29,1.0,41,70,short,41.42857142857143
538,5.32,Rainy,Low,Afternoon,Scooter,27,2.0,48,75,medium,36.0
621,4.1,Clear,Medium,Evening,Car,18,3.0,38,56,short,32.142857142857146
39,13.84,Clear,Low,Morning,Scooter,18,4.579381443298969,64,82,medium,21.951219512195124
176,3.9,Rainy,High,Morning,Car,25,9.0,54,79,short,31.645569620253166
246,18.6,Rainy,Medium,Morning,Car,28,9.0,77,105,long,26.666666666666668
829,14.88,Snowy,Medium,Evening,Bike,10,0.0,64,74,medium,13.513513513513514
668,3.63,Windy,Medium,Morning,Car,22,9.0,39,61,short,36.0655737704918
755,3.22,Windy,High,Morning,Car,7,7.0,27,34,short,20.588235294117645
859,11.51,Foggy,Low,Afternoon,Car,5,7.0,57,62,medium,8.064516129032258
155,19.72,Rainy,Low,Afternoon,Bike,27,6.0,109,136,long,19.852941176470587
288,11.08,Clear,Low,Evening,Scooter,28,2.0,58,86,medium,32.55813953488372
603,3.95,Clear,Medium,Morning,Car,28,5.0,47,75,short,37.333333333333336
570,7.29,Clear,High,Evening,Car,11,7.0,48,59,medium,18.64406779661017
744,10.3,Clear,Low,Morning,Car,12,7.0,41,53,medium,22.641509433962266
18,10.73,Rainy,High,Afternoon,Car,27,6.0,83,110,medium,24.545454545454547
128,17.28,Clear,Low,Morning,Car,28,3.0,72,100,long,28.000000000000004
323,13.37,Foggy,Medium,Evening,Scooter,16,9.0,71,87,medium,18.39080459770115
256,11.36,Clear,Medium,Morning,Scooter,8,2.0,52,60,medium,13.333333333333334
658,7.58,Clear,High,Afternoon,Scooter,19,9.0,57,76,medium,25.0
965,6.13,Rainy,High,Morning,Bike,25,6.0,59,84,medium,29.761904761904763
191,2.32,Clear,Low,Afternoon,Scooter,23,1.0,32,55,short,41.81818181818181
116,17.49,Rainy,Low,Evening,Bike,27,9.0,97,124,long,21.774193548387096
617,1.69,Windy,Medium,Afternoon,Car,11,7.0,20,31,short,35.483870967741936
607,4.52,Clear,Low,Evening,Car,17,0.0,71,88,short,19.318181818181817
181,7.15,Windy,Low,Morning,Bike,15,3.0,42,57,medium,26.31578947368421
302,10.86,Windy,Medium,Morning,Car,10,4.0,60,70,medium,14.285714285714285
760,15.88,Rainy,Low,Evening,Car,17,1.0,68,85,long,20.0
713,9.7,Snowy,Low,Evening,Bike,6,4.579381443298969,45,51,medium,11.76470588235294
724,14.95,Clear,Medium,Morning,Bike,13,7.0,49,62,medium,20.967741935483872
686,11.36,Foggy,Low,Afternoon,Bike,6,4.0,47,53,medium,11.320754716981133
980,12.14,Foggy,High,Afternoon,Bike,12,0.0,65,77,medium,15.584415584415584
518,16.31,Foggy,Medium,Afternoon,Car,14,7.0,71,85,long,16.470588235294116
985,14.7,Clear,Medium,Evening,Scooter,24,5.0,75,99,medium,24.242424242424242
46,13.42,Rainy,Medium,Evening,Bike,6,6.0,105,111,medium,5.405405405405405
910,7.9,Clear,Low,Afternoon,Scooter,22,4.579381443298969,48,70,medium,31.428571428571427
158,15.35,Foggy,Low,Morning,Car,5,3.0,56,61,long,8.19672131147541
852,15.12,Foggy,Low,Morning,Bike,14,1.0,58,72,long,19.444444444444446
172,0.82,Windy,Low,Morning,Car,18,9.0,23,41,short,43.90243902439025
17,6.43,Clear,Low,Evening,Car,9,7.0,26,35,medium,25.71428571428571
512,8.66,Snowy,High,Morning,Bike,29,3.0,77,106,medium,27.358490566037734
49,11.16,Foggy,Medium,Afternoon,Car,21,4.0,77,98,medium,21.428571428571427
972,18.77,Foggy,Low,Afternoon,Car,15,4.579381443298969,71,86,long,17.441860465116278
941,5.84,Clear,Medium,Evening,Bike,21,7.0,35,56,medium,37.5
516,1.01,Clear,High,Night,Bike,17,7.0,29,46,short,36.95652173913043
953,3.92,Rainy,Medium,Night,Bike,20,9.0,41,61,short,32.78688524590164
481,12.77,Foggy,Low,Morning,Bike,22,8.0,71,93,medium,23.655913978494624
284,2.33,Clear,Low,Evening,Bike,9,2.0,18,27,short,33.33333333333333
719,2.92,Windy,High,Afternoon,Bike,24,4.0,48,72,short,33.33333333333333
878,13.35,Rainy,Low,Evening,Scooter,14,4.0,91,105,medium,13.333333333333334
226,5.26,Rainy,Medium,Evening,Scooter,28,8.0,51,79,medium,35.44303797468354
27,4.39,Foggy,Medium,Night,Bike,12,8.0,38,50,short,24.0
955,8.67,Windy,High,Morning,Bike,20,4.0,55,75,medium,26.666666666666668
438,16.53,Snowy,Low,Afternoon,Scooter,24,9.0,99,123,long,19.51219512195122
952,13.47,Clear,Medium,Evening,Bike,19,4.0,59,78,medium,24.358974358974358
365,18.86,Snowy,Medium,Night,Bike,18,1.0,89,107,long,16.822429906542055
230,12.81,Clear,Low,Morning,Bike,12,2.0,51,63,medium,19.047619047619047
38,2.4,Snowy,Low,Night,Scooter,27,5.0,42,69,short,39.130434782608695
966,7.44,Rainy,Medium,Evening,Bike,6,1.0,39,45,medium,13.333333333333334
375,1.89,Clear,Medium,Evening,Scooter,13,7.0,22,35,short,37.142857142857146
470,19.28,Snowy,Medium,Morning,Car,21,3.0,101,122,long,17.21311475409836
968,6.29,Clear,Medium,Morning,Scooter,10,7.0,27,37,medium,27.027027027027028
851,1.81,Clear,Medium,Afternoon,Car,23,3.0,34,57,short,40.35087719298245
705,1.74,Clear,Medium,Night,Bike,23,2.0,34,57,short,40.35087719298245
842,13.44,Clear,Medium,Morning,Car,22,1.0,79,101,medium,21.782178217821784
195,7.11,Clear,Low,Afternoon,Scooter,27,4.579381443298969,48,75,medium,36.0
855,4.5,Windy,Low,Evening,Scooter,20,6.0,32,52,short,38.46153846153847
865,8.31,Windy,Medium,Morning,Bike,6,5.0,44,50,medium,12.0
504,16.37,Clear,High,Morning,Bike,26,7.0,97,123,long,21.138211382113823
970,9.78,Clear,Medium,Afternoon,Bike,18,3.0,58,76,medium,23.684210526315788
831,4.88,Windy,Medium,Afternoon,Scooter,26,7.0,48,74,short,35.13513513513514
580,5.54,Rainy,Medium,Morning,Scooter,28,9.0,51,79,medium,35.44303797468354
969,11.54,Clear,High,Afternoon,Car,10,0.0,56,66,medium,15.151515151515152
163,12.85,Clear,Low,Afternoon,Scooter,5,4.579381443298969,54,59,medium,8.47457627118644
909,5.56,Clear,Low,Afternoon,Scooter,19,5.0,31,50,medium,38.0
153,3.33,Clear,Medium,Evening,Scooter,24,2.0,44,68,short,35.294117647058826
802,3.47,Snowy,High,Night,Bike,24,9.0,53,77,short,31.16883116883117
994,12.01,Clear,Low,Morning,Scooter,26,6.0,57,83,medium,31.32530120481928
756,15.98,Foggy,Low,Morning,Car,21,6.0,90,111,long,18.91891891891892
112,3.64,Clear,Low,Morning,Scooter,16,3.0,26,42,short,38.095238095238095
227,19.47,Clear,Low,Morning,Bike,16,8.0,83,99,long,16.161616161616163
689,15.51,Rainy,Medium,Morning,Scooter,10,8.0,81,91,long,10.989010989010989
104,10.42,Windy,Medium,Afternoon,Bike,28,3.0,72,100,medium,28.000000000000004
422,15.9,Rainy,Low,Evening,Car,19,5.0,78,97,long,19.587628865979383
420,15.17,Windy,Low,Morning,Bike,25,4.0,77,102,long,24.509803921568626
751,2.78,Rainy,Low,Morning,Bike,21,4.0,37,58,short,36.206896551724135
587,1.98,Rainy,Low,Afternoon,Bike,22,0.0,39,61,short,36.0655737704918
781,14.03,Clear,Low,Afternoon,Bike,17,2.0,65,82,medium,20.73170731707317
673,2.06,Foggy,Medium,Evening,Scooter,22,4.0,40,62,short,35.483870967741936
120,11.02,Clear,High,Morning,Scooter,22,2.0,70,92,medium,23.91304347826087
54,17.95,Snowy,High,Morning,Scooter,16,4.579381443298969,96,112,long,14.285714285714285
152,5.17,Foggy,Low,Morning,Bike,29,0.0,56,85,medium,34.11764705882353
404,16.62,Snowy,Low,Afternoon,Bike,26,8.0,94,120,long,21.666666666666668
946,0.71,Rainy,Low,Morning,Car,25,8.0,31,56,short,44.642857142857146
208,13.44,Clear,Medium,Evening,Scooter,9,5.0,55,64,medium,14.0625
659,13.1,Clear,Low,Evening,Bike,28,2.0,72,100,medium,28.000000000000004
844,19.24,Rainy,High,Afternoon,Bike,9,7.0,75,84,long,10.714285714285714
763,5.35,Clear,Medium,Afternoon,Scooter,24,6.0,43,67,medium,35.82089552238806
9,12.22,Clear,Low,Evening,Scooter,15,0.0,56,71,medium,21.12676056338028
808,18.55,Clear,Low,Afternoon,Car,11,9.0,69,80,long,13.750000000000002
37,6.44,Clear,Low,Afternoon,Car,18,2.0,43,61,medium,29.508196721311474
453,8.77,Foggy,Medium,Evening,Car,14,7.0,49,63,medium,22.22222222222222
652,10.97,Clear,Low,Afternoon,Scooter,27,3.0,51,78,medium,34.61538461538461
254,6.68,Clear,High,Morning,Scooter,10,5.0,44,54,medium,18.51851851851852
304,12.93,Rainy,Low,Afternoon,Scooter,25,0.0,61,86,medium,29.069767441860467
747,7.99,Clear,Medium,Evening,Bike,18,4.0,42,60,medium,30.0
572,15.78,Clear,High,Afternoon,Scooter,12,1.0,68,80,long,15.0
624,9.95,Windy,High,Evening,Scooter,21,5.0,72,93,medium,22.58064516129032
733,13.47,Rainy,Low,Afternoon,Scooter,7,6.0,46,53,medium,13.20754716981132
892,17.19,Clear,Medium,Afternoon,Bike,11,8.0,76,87,long,12.643678160919542
263,3.23,Clear,High,Afternoon,Bike,17,9.0,33,50,short,34.0
611,1.27,Foggy,High,Afternoon,Bike,25,9.0,46,71,short,35.2112676056338
298,4.71,Clear,Low,Morning,Bike,20,6.0,31,51,short,39.21568627450981
415,12.82,Rainy,Medium,Evening,Bike,28,9.0,72,100,medium,28.000000000000004
151,18.21,Clear,Low,Evening,Bike,6,3.0,74,80,long,7.5
789,9.51,Clear,High,Morning,Bike,26,9.0,63,89,medium,29.213483146067414
641,0.89,Rainy,Low,Morning,Car,9,0.0,20,29,short,31.03448275862069
890,5.24,Windy,High,Afternoon,Scooter,26,8.0,51,77,medium,33.76623376623377
551,10.64,Windy,Low,Evening,Car,11,9.0,36,47,medium,23.404255319148938
887,13.23,Clear,Medium,Night,Bike,20,8.0,70,90,medium,22.22222222222222
489,19.03,Clear,Medium,Morning,Scooter,8,8.0,65,73,long,10.95890410958904
148,10.3,Rainy,Low,Evening,Bike,29,0.0,73,102,medium,28.431372549019606
147,12.39,Snowy,Medium,Evening,Bike,14,8.0,56,70,medium,20.0
721,18.8,Clear,High,Afternoon,Bike,23,7.0,95,118,long,19.491525423728813
932,16.78,Rainy,Medium,Morning,Bike,22,1.0,70,92,long,23.91304347826087
740,7.85,Clear,Low,Afternoon,Scooter,7,9.0,34,41,medium,17.073170731707318
660,11.63,Clear,Medium,Night,Scooter,29,7.0,57,86,medium,33.72093023255814
349,7.8,Windy,Medium,Afternoon,Car,17,6.0,44,61,medium,27.86885245901639
464,11.88,Rainy,Medium,Afternoon,Bike,5,1.0,63,68,medium,7.352941176470589
326,14.89,Clear,High,Evening,Car,22,9.0,88,110,medium,20.0
187,16.44,Rainy,High,Afternoon,Bike,12,4.579381443298969,86,98,long,12.244897959183673
124,2.65,Clear,Medium,Afternoon,Car,14,4.0,35,49,short,28.57142857142857
854,18.01,Foggy,High,Night,Bike,14,2.0,71,85,long,16.470588235294116
609,10.32,Clear,Medium,Night,Car,24,5.0,49,73,medium,32.87671232876712
144,6.37,Rainy,Low,Afternoon,Car,29,4.0,56,85,medium,34.11764705882353
959,3.74,Rainy,Low,Morning,Bike,19,6.0,36,55,short,34.54545454545455
198,17.99,Windy,High,Evening,Bike,5,1.0,73,78,long,6.41025641025641
610,13.96,Rainy,Low,Night,Bike,5,1.0,42,47,medium,10.638297872340425
280,16.02,Clear,Low,Evening,Bike,20,7.0,61,81,long,24.691358024691358
294,7.52,Clear,Medium,Afternoon,Car,17,9.0,44,61,medium,27.86885245901639
401,2.51,Clear,Low,Morning,Bike,16,2.0,28,44,short,36.36363636363637
123,6.7,Foggy,High,Morning,Scooter,23,3.0,59,82,medium,28.04878048780488
184,17.61,Windy,Low,Morning,Bike,5,8.0,61,66,long,7.575757575757576
203,3.65,Clear,Medium,Morning,Bike,29,9.0,46,75,short,38.666666666666664
439,14.27,Clear,Medium,Night,Car,24,3.0,77,101,medium,23.762376237623762
247,8.85,Clear,Low,Afternoon,Bike,11,9.0,45,56,medium,19.642857142857142
416,9.24,Windy,Medium,Afternoon,Bike,8,2.0,49,57,medium,14.035087719298245
933,19.7,Rainy,Low,Evening,Car,16,6.0,66,82,long,19.51219512195122
766,11.61,Clear,High,Morning,Car,19,1.0,67,86,medium,22.093023255813954
907,16.44,Windy,High,Afternoon,Car,8,0.0,80,88,long,9.090909090909092
836,8.67,Rainy,High,Afternoon,Bike,12,7.0,104,116,medium,10.344827586206897
888,5.14,Clear,Medium,Evening,Scooter,23,7.0,43,66,medium,34.84848484848485
130,10.46,Clear,Medium,Evening,Bike,25,3.0,68,93,medium,26.881720430107524
638,5.23,Clear,Medium,Morning,Scooter,23,2.0,47,70,medium,32.857142857142854
403,10.35,Clear,Medium,Night,Bike,7,9.0,48,55,medium,12.727272727272727
785,4.04,Rainy,High,Evening,Bike,14,6.0,39,53,short,26.41509433962264
771,2.66,Clear,Low,Afternoon,Bike,16,8.0,21,37,short,43.24324324324324
736,17.61,Foggy,Medium,Afternoon,Bike,9,5.0,74,83,long,10.843373493975903
914,8.48,Clear,High,Night,Bike,11,5.0,39,50,medium,22.0
220,17.06,Clear,Low,Evening,Bike,9,9.0,66,75,long,12.0
642,6.78,Foggy,Low,Night,Bike,18,6.0,42,60,medium,30.0
916,9.0,Snowy,Medium,Afternoon,Car,29,3.0,78,107,medium,27.102803738317753
753,12.74,Clear,Low,Afternoon,Scooter,12,0.0,63,75,medium,16.0
807,18.72,Rainy,Medium,Afternoon,Bike,17,0.0,89,106,long,16.037735849056602
920,3.23,Clear,Low,Morning,Bike,7,7.0,14,21,short,33.33333333333333
625,12.56,Clear,Low,Morning,Car,22,8.0,49,71,medium,30.985915492957744
875,1.0,Snowy,Medium,Morning,Bike,28,0.0,51,79,short,35.44303797468354
761,3.46,Clear,Low,Morning,Bike,24,6.0,37,61,short,39.34426229508197
387,6.0,Snowy,Low,Morning,Car,20,8.0,53,73,medium,27.397260273972602
973,14.79,Clear,Medium,Morning,Scooter,12,9.0,64,76,medium,15.789473684210526
510,14.65,Snowy,High,Morning,Car,19,3.0,95,114,medium,16.666666666666664
268,14.2,Clear,Medium,Afternoon,Bike,17,1.0,73,90,medium,18.88888888888889
820,7.04,Clear,Low,Afternoon,Bike,11,8.0,38,49,medium,22.448979591836736
442,19.74,Clear,Medium,Afternoon,Car,16,1.0,98,114,long,14.035087719298245
497,11.88,Rainy,Medium,Evening,Bike,20,8.0,69,89,medium,22.47191011235955
113,18.63,Clear,Low,Evening,Bike,26,8.0,75,101,long,25.742574257425744
692,8.8,Rainy,Medium,Afternoon,Bike,6,2.0,38,44,medium,13.636363636363635
233,11.75,Clear,High,Morning,Bike,9,2.0,55,64,medium,14.0625
870,18.95,Snowy,Low,Morning,Car,27,0.0,92,119,long,22.689075630252102
608,7.6,Foggy,Low,Morning,Bike,16,4.0,48,64,medium,25.0
672,17.99,Foggy,Low,Morning,Car,11,2.0,84,95,long,11.578947368421053
374,13.82,Clear,Medium,Evening,Bike,21,9.0,72,93,medium,22.58064516129032
982,15.53,Foggy,Low,Evening,Bike,26,7.0,68,94,long,27.659574468085108
843,3.97,Clear,High,Afternoon,Bike,19,8.0,40,59,short,32.20338983050847
234,10.1,Clear,High,Morning,Car,17,6.0,55,72,medium,23.61111111111111
786,18.21,Foggy,Low,Morning,Bike,5,1.0,70,75,long,6.666666666666667
677,2.68,Clear,Low,Morning,Bike,16,8.0,25,41,short,39.02439024390244
318,3.88,Snowy,Low,Morning,Bike,9,6.0,33,42,short,21.428571428571427
649,15.89,Snowy,Medium,Afternoon,Car,15,9.0,91,106,long,14.150943396226415
411,6.73,Clear,Medium,Afternoon,Bike,21,1.0,54,75,medium,28.000000000000004
899,0.75,Clear,Medium,Afternoon,Bike,10,5.0,16,26,short,38.46153846153847
710,13.79,Rainy,Low,Night,Scooter,11,0.0,69,80,medium,13.750000000000002
359,18.83,Clear,Medium,Evening,Scooter,5,8.0,69,74,long,6.756756756756757
259,11.62,Clear,Low,Afternoon,Bike,9,8.0,33,42,medium,21.428571428571427
745,5.03,Clear,Medium,Morning,Bike,17,4.579381443298969,38,55,medium,30.909090909090907
628,15.08,Rainy,Medium,Evening,Scooter,26,1.0,94,120,long,21.666666666666668
633,10.48,Rainy,Low,Afternoon,Car,10,7.0,45,55,medium,18.181818181818183
283,7.82,Rainy,Medium,Evening,Bike,16,8.0,45,61,medium,26.229508196721312
377,16.98,Clear,Low,Morning,Bike,11,6.0,78,89,long,12.359550561797752
385,14.83,Rainy,Low,Morning,Car,19,4.0,126,145,medium,13.10344827586207
225,5.67,Clear,Low,Morning,Scooter,11,9.0,27,38,medium,28.947368421052634
954,18.33,Snowy,Medium,Morning,Scooter,5,5.0,67,72,long,6.944444444444445
815,17.46,Clear,Medium,Morning,Scooter,6,4.579381443298969,62,68,long,8.823529411764707
473,1.34,Foggy,High,Evening,Bike,9,5.0,30,39,short,23.076923076923077
348,1.38,Clear,Low,Morning,Scooter,13,9.0,17,30,short,43.333333333333336
506,3.67,Clear,Low,Morning,Bike,9,0.0,26,35,short,25.71428571428571
640,7.86,Windy,Medium,Morning,Car,22,2.0,55,77,medium,28.57142857142857
988,8.98,Clear,Medium,Afternoon,Scooter,22,8.0,105,127,medium,17.322834645669293
929,12.85,Rainy,Medium,Evening,Scooter,6,7.0,61,67,medium,8.955223880597014
906,17.91,Clear,Low,Afternoon,Bike,6,7.0,68,74,long,8.108108108108109
620,15.09,Snowy,Low,Morning,Car,20,7.0,68,88,long,22.727272727272727
856,4.22,Clear,Medium,Morning,Bike,16,7.0,35,51,short,31.372549019607842
804,12.33,Clear,High,Night,Bike,7,2.0,101,108,medium,6.481481481481481
646,17.87,Snowy,Low,Morning,Scooter,29,4.0,87,116,long,25.0
847,2.16,Clear,Medium,Night,Car,10,1.0,23,33,short,30.303030303030305
557,3.11,Rainy,Medium,Morning,Scooter,21,1.0,43,64,short,32.8125
958,1.42,Clear,High,Afternoon,Scooter,24,2.0,40,64,short,37.5
578,18.57,Rainy,Medium,Afternoon,Bike,16,7.0,89,105,long,15.238095238095239
796,17.51,Clear,Medium,Evening,Bike,15,3.0,60,75,long,20.0
86,6.84,Clear,Medium,Evening,Bike,25,1.0,51,76,medium,32.89473684210527
243,18.34,Snowy,Medium,Afternoon,Scooter,22,4.579381443298969,91,113,long,19.469026548672566
699,3.51,Windy,Medium,Night,Bike,22,2.0,44,66,short,33.33333333333333
160,14.7,Clear,Medium,Morning,Scooter,6,2.0,58,64,medium,9.375
525,16.85,Clear,High,Morning,Car,17,4.0,71,88,long,19.318181818181817
36,16.26,Rainy,Low,Morning,Car,27,5.0,66,93,long,29.03225806451613
541,19.1,Snowy,Medium,Morning,Bike,25,6.0,90,115,long,21.73913043478261
171,13.71,Rainy,Medium,Evening,Bike,22,9.0,64,86,medium,25.581395348837212
655,8.92,Clear,Medium,Morning,Bike,10,1.0,51,61,medium,16.39344262295082
891,14.58,Clear,Low,Evening,Bike,23,0.0,70,93,medium,24.731182795698924
858,9.71,Clear,Low,Afternoon,Car,27,5.0,61,88,medium,30.681818181818183
848,19.94,Clear,Low,Afternoon,Bike,26,6.0,83,109,long,23.853211009174313
945,4.53,Snowy,Medium,Morning,Scooter,18,4.0,49,67,short,26.865671641791046
734,10.7,Clear,High,Afternoon,Car,8,4.0,57,65,medium,12.307692307692308
96,10.13,Clear,Medium,Evening,Bike,22,0.0,65,87,medium,25.287356321839084
564,0.78,Clear,Low,Afternoon,Bike,11,0.0,18,29,short,37.93103448275862
241,18.84,Foggy,Medium,Afternoon,Scooter,25,8.0,88,113,long,22.123893805309734
743,15.08,Snowy,Low,Evening,Bike,29,7.0,84,113,long,25.663716814159294
575,17.32,Clear,Low,Evening,Scooter,10,3.0,77,87,long,11.494252873563218
691,6.81,Clear,Medium,Evening,Bike,23,2.0,47,70,medium,32.857142857142854
461,2.79,Clear,High,Morning,Bike,23,7.0,38,61,short,37.704918032786885
554,11.44,Foggy,High,Afternoon,Car,14,4.0,74,88,medium,15.909090909090908
889,2.44,Snowy,High,Evening,Bike,13,9.0,39,52,short,25.0
207,2.48,Rainy,Low,Evening,Scooter,20,8.0,30,50,short,40.0
393,7.75,Clear,Medium,Evening,Scooter,21,1.0,55,76,medium,27.631578947368425
795,0.85,Clear,Medium,Morning,Bike,9,8.0,17,26,short,34.61538461538461
398,8.87,Clear,Low,Evening,Bike,19,3.0,55,74,medium,25.675675675675674
767,15.37,Snowy,Medium,Afternoon,Car,15,5.0,66,81,long,18.51851851851852
849,10.29,Foggy,Medium,Evening,Scooter,25,4.0,67,92,medium,27.173913043478258
218,15.06,Rainy,Low,Morning,Bike,22,4.0,65,87,long,25.287356321839084
5,3.54,Foggy,Low,Morning,Bike,23,7.0,37,60,short,38.333333333333336
769,7.17,Clear,Medium,Morning,Scooter,7,9.0,29,36,medium,19.444444444444446
643,4.62,Rainy,Medium,Afternoon,Car,8,3.0,33,41,short,19.51219512195122
930,5.53,Clear,Low,Morning,Car,10,8.0,27,37,medium,27.027027027027028
613,12.74,Rainy,Low,Afternoon,Bike,17,9.0,63,80,medium,21.25
739,9.06,Clear,High,Evening,Bike,26,3.0,61,87,medium,29.88505747126437
547,2.71,Foggy,Low,Morning,Bike,6,0.0,28,34,short,17.647058823529413
726,16.92,Clear,Low,Night,Bike,23,5.0,78,101,long,22.772277227722775
684,13.54,Foggy,Low,Morning,Bike,11,1.0,54,65,medium,16.923076923076923
99,1.0,Snowy,Medium,Morning,Bike,25,4.0,44,69,short,36.231884057971016
805,8.77,Clear,Medium,Morning,Car,12,2.0,42,54,medium,22.22222222222222
728,16.01,Windy,Low,Morning,Car,28,0.0,84,112,long,25.0
574,12.63,Foggy,Medium,Night,Scooter,8,8.0,49,57,medium,14.035087719298245
407,8.09,Foggy,Low,Evening,Car,22,2.0,56,78,medium,28.205128205128204
503,6.54,Clear,Medium,Night,Bike,10,7.0,39,49,medium,20.408163265306122
48,10.64,Clear,Medium,Afternoon,Scooter,14,5.0,45,59,medium,23.728813559322035
33,1.77,Clear,Medium,Evening,Bike,14,9.0,22,36,short,38.88888888888889
780,13.0,Foggy,Low,Evening,Bike,25,7.0,77,102,medium,24.509803921568626
840,12.83,Clear,Low,Evening,Bike,5,8.0,50,55,medium,9.090909090909092
201,13.02,Snowy,High,Afternoon,Car,6,9.0,65,71,medium,8.450704225352112
135,18.89,Rainy,Medium,Morning,Scooter,22,1.0,74,96,long,22.916666666666664
28,10.53,Foggy,High,Evening,Bike,25,8.0,72,97,medium,25.773195876288657
881,5.01,Rainy,Low,Afternoon,Bike,10,5.0,31,41,medium,24.390243902439025
231,16.0,Foggy,Medium,Afternoon,Scooter,13,3.0,65,78,long,16.666666666666664
490,17.86,Clear,Low,Afternoon,Scooter,16,8.0,83,99,long,16.161616161616163
773,2.99,Foggy,High,Afternoon,Bike,9,5.0,90,99,short,9.090909090909092
379,16.38,Clear,Medium,Morning,Bike,6,2.0,51,57,long,10.526315789473683
289,6.09,Clear,Medium,Night,Bike,7,4.0,27,34,medium,20.588235294117645
419,13.61,Clear,Low,Morning,Bike,26,0.0,66,92,medium,28.26086956521739
675,8.5,Snowy,High,Evening,Bike,14,7.0,56,70,medium,20.0
392,8.55,Clear,Low,Evening,Scooter,28,8.0,46,74,medium,37.83783783783784
593,4.05,Clear,Medium,Afternoon,Scooter,21,5.0,39,60,short,35.0
499,19.5,Clear,High,Morning,Bike,18,2.0,73,91,long,19.78021978021978
139,7.59,Clear,Medium,Afternoon,Scooter,16,3.0,37,53,medium,30.18867924528302
63,16.66,Snowy,High,Afternoon,Scooter,29,7.0,95,124,long,23.387096774193548
472,19.41,Snowy,High,Evening,Car,21,3.0,100,121,long,17.355371900826448
648,13.74,Foggy,Medium,Afternoon,Bike,6,1.0,56,62,medium,9.67741935483871
129,0.64,Clear,High,Night,Bike,10,3.0,24,34,short,29.411764705882355
977,12.1,Clear,High,Afternoon,Bike,11,0.0,53,64,medium,17.1875
521,12.09,Clear,Medium,Morning,Car,13,1.0,60,73,medium,17.80821917808219
839,11.82,Windy,Medium,Night,Bike,24,7.0,77,101,medium,23.762376237623762
963,5.28,Foggy,Low,Morning,Bike,27,6.0,53,80,medium,33.75
65,5.98,Clear,Low,Evening,Car,22,9.0,35,57,medium,38.59649122807017
813,2.93,Clear,Medium,Morning,Bike,24,8.0,94,118,short,20.33898305084746
15,4.05,Snowy,Medium,Evening,Scooter,19,2.0,50,69,short,27.536231884057973
157,13.61,Clear,Low,Morning,Scooter,12,2.0,43,55,medium,21.818181818181817
41,2.88,Rainy,Medium,Morning,Car,16,4.0,41,57,short,28.07017543859649
493,5.91,Clear,Medium,Evening,Scooter,29,4.0,57,86,medium,33.72093023255814
380,6.0,Rainy,Medium,Evening,Scooter,21,2.0,47,68,medium,30.88235294117647
188,11.33,Clear,Medium,Afternoon,Scooter,29,7.0,77,106,medium,27.358490566037734
764,15.01,Clear,Medium,Morning,Bike,15,6.0,64,79,long,18.9873417721519
217,6.85,Clear,High,Morning,Bike,16,5.0,48,64,medium,25.0
792,11.93,Snowy,High,Morning,Car,7,1.0,75,82,medium,8.536585365853659
53,18.82,Windy,Low,Morning,Car,5,3.0,77,82,long,6.097560975609756
879,1.03,Clear,Medium,Afternoon,Bike,19,4.0,29,48,short,39.58333333333333
338,14.22,Rainy,Medium,Evening,Car,25,8.0,84,109,medium,22.93577981651376
749,18.18,Snowy,High,Morning,Bike,17,3.0,85,102,long,16.666666666666664
720,14.75,Clear,Low,Morning,Car,10,7.0,62,72,medium,13.88888888888889
725,11.7,Rainy,Low,Afternoon,Bike,17,5.0,60,77,medium,22.07792207792208
296,10.68,Clear,Low,Morning,Bike,14,1.0,42,56,medium,25.0
702,1.51,Clear,High,Evening,Bike,26,1.0,44,70,short,37.142857142857146
252,8.01,Clear,High,Morning,Bike,8,6.0,48,56,medium,14.285714285714285
727,3.23,Rainy,Low,Morning,Car,25,7.0,42,67,short,37.3134328358209
462,13.16,Rainy,High,Morning,Scooter,25,8.0,68,93,medium,26.881720430107524
456,10.11,Windy,Low,Morning,Bike,11,4.0,44,55,medium,20.0
997,18.39,Windy,Low,Afternoon,Bike,24,6.0,74,98,long,24.489795918367346
816,10.62,Windy,Medium,Afternoon,Car,22,5.0,54,76,medium,28.947368421052634
863,10.73,Clear,Medium,Afternoon,Bike,7,5.0,57,64,medium,10.9375
270,6.23,Clear,Medium,Evening,Car,20,1.0,51,71,medium,28.169014084507044
202,2.14,Clear,Low,Afternoon,Bike,25,1.0,36,61,short,40.98360655737705
162,12.83,Clear,Medium,Morning,Bike,19,2.0,76,95,medium,20.0
556,8.37,Clear,High,Evening,Scooter,13,7.0,42,55,medium,23.636363636363637
730,3.69,Rainy,Medium,Afternoon,Bike,8,8.0,27,35,short,22.857142857142858
402,18.1,Clear,Low,Morning,Scooter,8,5.0,77,85,long,9.411764705882353
703,7.06,Clear,Low,Afternoon,Scooter,26,5.0,51,77,medium,33.76623376623377
477,1.94,Foggy,Low,Night,Bike,10,1.0,25,35,short,28.57142857142857
822,0.59,Clear,Low,Afternoon,Bike,21,0.0,27,48,short,43.75
772,17.01,Snowy,Low,Night,Bike,28,6.0,97,125,long,22.400000000000002
106,5.36,Clear,Low,Afternoon,Scooter,11,4.0,30,41,medium,26.82926829268293
566,12.0,Clear,Low,Evening,Car,25,0.0,75,100,medium,25.0
390,16.23,Clear,Medium,Evening,Bike,6,0.0,54,60,long,10.0
2,19.04,Rainy,Low,Evening,Car,12,6.0,60,72,long,16.666666666666664
938,18.33,Foggy,Medium,Morning,Scooter,19,0.0,98,117,long,16.23931623931624
983,2.58,Clear,Medium,Morning,Scooter,25,7.0,37,62,short,40.32258064516129
562,4.65,Clear,Medium,Evening,Bike,21,1.0,46,67,short,31.343283582089555
81,17.33,Snowy,Low,Evening,Scooter,12,3.0,79,91,long,13.186813186813188
206,0.68,Snowy,High,Evening,Bike,29,8.0,50,79,short,36.708860759493675
35,19.33,Clear,Medium,Morning,Bike,7,8.0,73,80,long,8.75
776,3.42,Clear,Medium,Night,Car,11,9.0,24,35,short,31.428571428571427
509,19.02,Rainy,High,Evening,Scooter,22,1.0,106,128,long,17.1875
428,17.81,Windy,High,Evening,Bike,21,4.0,122,143,long,14.685314685314685
455,2.67,Clear,Medium,Night,Car,17,6.0,28,45,short,37.77777777777778
367,19.24,Snowy,Low,Morning,Bike,26,1.0,114,140,long,18.571428571428573
92,14.41,Rainy,Medium,Night,Bike,16,6.0,85,101,medium,15.841584158415841
340,2.41,Clear,Medium,Evening,Bike,15,9.0,25,40,short,37.5
898,17.98,Clear,Low,Evening,Bike,5,8.0,45,50,long,10.0
565,7.34,Foggy,Medium,Afternoon,Bike,22,5.0,93,115,medium,19.130434782608695
346,12.51,Clear,Medium,Evening,Bike,18,5.0,62,80,medium,22.5
777,4.97,Rainy,Low,Evening,Bike,17,9.0,34,51,short,33.33333333333333
242,19.1,Snowy,Low,Afternoon,Bike,18,1.0,101,119,long,15.126050420168067
14,4.64,Clear,Low,Afternoon,Bike,15,9.0,24,39,short,38.46153846153847
316,14.07,Rainy,Low,Evening,Bike,10,5.0,63,73,medium,13.698630136986301
601,3.79,Clear,Medium,Morning,Bike,13,2.0,34,47,short,27.659574468085108
388,3.96,Clear,Medium,Afternoon,Bike,23,4.579381443298969,44,67,short,34.32835820895522
274,18.31,Clear,Medium,Afternoon,Bike,25,3.0,79,104,long,24.03846153846154
167,6.76,Foggy,Medium,Night,Bike,7,6.0,42,49,medium,14.285714285714285
841,0.76,Clear,Low,Afternoon,Car,26,9.0,28,54,short,48.148148148148145
993,5.81,Rainy,Medium,Evening,Bike,14,8.0,41,55,medium,25.454545454545453
647,12.08,Clear,High,Afternoon,Scooter,16,4.0,60,76,medium,21.052631578947366
819,1.57,Rainy,Low,Evening,Car,16,1.0,30,46,short,34.78260869565217
485,11.89,Clear,Medium,Afternoon,Bike,28,0.0,79,107,medium,26.168224299065418
981,7.02,Clear,Medium,Evening,Car,23,2.0,53,76,medium,30.263157894736842
505,13.85,Clear,Low,Evening,Bike,29,5.0,71,100,medium,28.999999999999996
832,9.32,Rainy,Medium,Evening,Scooter,24,2.0,71,95,medium,25.263157894736842
244,7.72,Foggy,High,Evening,Bike,19,4.0,64,83,medium,22.89156626506024
567,8.15,Rainy,Low,Afternoon,Bike,26,2.0,50,76,medium,34.21052631578947
876,3.54,Rainy,Medium,Afternoon,Scooter,17,4.0,41,58,short,29.310344827586203
563,3.16,Snowy,Low,Morning,Car,9,4.579381443298969,27,36,short,25.0
687,11.65,Windy,Low,Night,Bike,10,3.0,53,63,medium,15.873015873015872
190,5.22,Snowy,Medium,Morning,Scooter,14,3.0,43,57,medium,24.561403508771928
783,5.41,Clear,High,Morning,Scooter,17,6.0,38,55,medium,30.909090909090907
700,9.88,Rainy,Medium,Morning,Car,7,0.0,43,50,medium,14.000000000000002
476,19.86,Rainy,High,Evening,Bike,12,8.0,71,83,long,14.457831325301203
682,5.53,Windy,High,Morning,Bike,23,4.0,59,82,medium,28.04878048780488
511,12.46,Foggy,Low,Afternoon,Bike,10,1.0,62,72,medium,13.88888888888889
59,1.38,Clear,Medium,Morning,Car,6,3.0,17,23,short,26.08695652173913
475,10.79,Clear,Medium,Evening,Scooter,24,1.0,65,89,medium,26.96629213483146
561,14.23,Clear,Medium,Afternoon,Scooter,23,7.0,70,93,medium,24.731182795698924
857,1.21,Snowy,Low,Afternoon,Bike,22,1.0,39,61,short,36.0655737704918
748,11.1,Clear,Low,Afternoon,Bike,18,7.0,56,74,medium,24.324324324324326
253,17.1,Clear,Medium,Evening,Bike,25,5.0,65,90,long,27.77777777777778
22,3.22,Clear,Medium,Afternoon,Bike,19,9.0,32,51,short,37.254901960784316
314,19.27,Foggy,Medium,Morning,Car,29,9.0,85,114,long,25.438596491228072
460,2.82,Rainy,Medium,Evening,Scooter,10,1.0,29,39,short,25.64102564102564
161,7.67,Foggy,Medium,Afternoon,Scooter,22,8.0,59,81,medium,27.160493827160494
277,16.07,Clear,Medium,Evening,Bike,16,5.0,64,80,long,20.0
956,7.97,Windy,Medium,Evening,Scooter,9,8.0,35,44,medium,20.454545454545457
192,18.0,Rainy,High,Night,Car,22,4.579381443298969,98,120,long,18.333333333333332
386,16.17,Clear,Medium,Evening,Scooter,12,2.0,78,90,long,13.333333333333334
806,14.86,Clear,High,Night,Scooter,15,4.0,91,106,medium,14.150943396226415
414,11.68,Clear,Medium,Afternoon,Scooter,25,7.0,70,95,medium,26.31578947368421
492,12.59,Clear,Low,Evening,Scooter,10,2.0,39,49,medium,20.408163265306122
344,8.96,Snowy,Medium,Morning,Car,6,5.0,51,57,medium,10.526315789473683
770,16.51,Clear,Medium,Morning,Bike,7,1.0,79,86,long,8.13953488372093
309,16.01,Clear,Low,Afternoon,Car,12,4.0,72,84,long,14.285714285714285
662,19.74,Rainy,High,Afternoon,Scooter,11,7.0,81,92,long,11.956521739130435
131,8.64,Snowy,Low,Evening,Bike,29,4.0,62,91,medium,31.868131868131865
664,5.13,Clear,Medium,Morning,Car,16,1.0,38,54,medium,29.629629629629626
872,5.78,Clear,High,Morning,Bike,11,5.0,38,49,medium,22.448979591836736
100,2.6,Clear,Low,Afternoon,Bike,16,1.0,29,45,short,35.55555555555556
373,2.34,Foggy,Medium,Morning,Bike,8,2.0,28,36,short,22.22222222222222
88,12.93,Clear,Medium,Morning,Scooter,20,8.0,58,78,medium,25.64102564102564
459,1.6,Clear,Medium,Evening,Bike,14,8.0,24,38,short,36.84210526315789
331,7.44,Rainy,Low,Evening,Bike,27,4.579381443298969,53,80,medium,33.75
215,14.39,Rainy,Medium,Morning,Scooter,6,4.579381443298969,50,56,medium,10.714285714285714
467,6.07,Clear,Low,Afternoon,Bike,18,4.0,35,53,medium,33.9622641509434
122,17.97,Windy,Medium,Morning,Scooter,28,7.0,92,120,long,23.333333333333332
615,17.53,Clear,Low,Afternoon,Bike,14,6.0,79,93,long,15.053763440860216
21,12.43,Rainy,High,Morning,Bike,13,6.0,70,83,medium,15.66265060240964
701,10.89,Windy,Medium,Evening,Bike,7,0.0,58,65,medium,10.76923076923077
72,4.37,Clear,Medium,Evening,Scooter,6,7.0,25,31,short,19.35483870967742
107,8.5,Clear,High,Evening,Car,13,3.0,54,67,medium,19.402985074626866
271,16.28,Rainy,Low,Morning,Scooter,8,9.0,71,79,long,10.126582278481013
861,15.62,Snowy,High,Evening,Scooter,26,2.0,81,107,long,24.299065420560748
436,14.17,Clear,Low,Afternoon,Bike,8,0.0,55,63,medium,12.698412698412698
103,6.63,Foggy,Low,Night,Scooter,24,3.0,58,82,medium,29.268292682926827
