Actual,Predicted,error
83,77.2,5.799999999999997
24,26.99,-2.9899999999999984
36,45.88,-9.880000000000003
68,86.9,-18.900000000000006
34,36.72,-2.719999999999999
72,60.44,11.560000000000002
57,53.25,3.75
97,79.6,17.400000000000006
52,75.73,-23.730000000000004
64,67.86,-3.8599999999999994
71,63.58,7.420000000000002
30,45.05,-15.049999999999997
75,87.29,-12.290000000000006
33,37.55,-4.549999999999997
77,70.83,6.170000000000002
37,46.05,-9.049999999999997
47,46.85,0.14999999999999858
59,69.71,-10.709999999999994
56,68.76,-12.760000000000005
49,50.27,-1.2700000000000031
65,82.99,-17.989999999999995
34,39.98,-5.979999999999997
48,54.66,-6.659999999999997
52,57.72,-5.719999999999999
42,40.2,1.7999999999999972
72,76.69,-4.689999999999998
28,37.11,-9.11
44,42.56,1.4399999999999977
64,60.36,3.6400000000000006
92,73.51,18.489999999999995
34,29.5,4.5
77,85.94,-8.939999999999998
22,26.78,-4.780000000000001
41,45.99,-4.990000000000002
32,35.79,-3.789999999999999
28,33.04,-5.039999999999999
46,45.6,0.3999999999999986
27,47.79,-20.79
122,86.15,35.849999999999994
96,63.22,32.78
72,72.49,-0.4899999999999949
80,84.73,-4.730000000000004
60,57.69,2.3100000000000023
50,54.95,-4.950000000000003
67,91.28,-24.28
54,49.76,4.240000000000002
35,33.42,1.5799999999999983
79,74.87,4.1299999999999955
28,38.78,-10.780000000000001
50,63.45,-13.450000000000003
76,63.72,12.280000000000001
38,39.84,-1.8400000000000034
79,72.02,6.980000000000004
52,64.12,-12.120000000000005
28,47.42,-19.42
47,50.58,-3.5799999999999983
37,40.68,-3.6799999999999997
53,62.2,-9.200000000000003
48,40.6,7.399999999999999
67,62.29,4.710000000000001
57,65.19,-8.189999999999998
24,33.05,-9.049999999999997
72,83.4,-11.400000000000006
28,30.31,-2.3099999999999987
84,78.88,5.1200000000000045
44,37.64,6.359999999999999
34,33.21,0.7899999999999991
16,19.29,-3.289999999999999
64,60.64,3.3599999999999994
69,69.13,-0.12999999999999545
73,67.58,5.420000000000002
47,57.4,-10.399999999999999
75,78.03,-3.030000000000001
67,66.32,0.6800000000000068
57,63.73,-6.729999999999997
98,88.16,9.840000000000003
71,82.07,-11.069999999999993
62,67.11,-5.109999999999999
78,75.34,2.6599999999999966
54,54.43,-0.4299999999999997
30,36.06,-6.060000000000002
25,24.89,0.10999999999999943
75,69.36,5.640000000000001
28,43.6,-15.600000000000001
87,72.8,14.200000000000003
54,75.42,-21.42
49,51.17,-2.1700000000000017
48,53.42,-5.420000000000002
51,61.8,-10.799999999999997
41,43.75,-2.75
100,74.75,25.25
60,50.96,9.04
78,69.31,8.689999999999998
103,90.61,12.39
48,62.36,-14.36
43,40.9,2.1000000000000014
41,41.77,-0.7700000000000031
28,30.68,-2.6799999999999997
71,74.81,-3.8100000000000023
37,49.43,-12.43
76,81.27,-5.269999999999996
54,49.82,4.18
33,46.93,-13.93
39,47.87,-8.869999999999997
41,59.21,-18.21
76,82.48,-6.480000000000004
51,49.45,1.5499999999999972
35,45.32,-10.32
60,63.0,-3.0
95,87.98,7.019999999999996
59,66.74,-7.739999999999995
102,75.54,26.459999999999994
36,46.57,-10.57
84,71.85,12.150000000000006
44,54.82,-10.82
64,65.54,-1.5400000000000063
24,24.85,-0.8500000000000014
44,48.78,-4.780000000000001
42,47.31,-5.310000000000002
48,51.92,-3.9200000000000017
58,55.45,2.549999999999997
43,51.72,-8.719999999999999
39,57.03,-18.03
59,58.08,0.9200000000000017
101,94.65,6.349999999999994
49,67.38,-18.379999999999995
105,84.03,20.97
45,49.03,-4.030000000000001
46,46.99,-0.990000000000002
72,69.46,2.5400000000000063
58,57.81,0.18999999999999773
37,48.74,-11.740000000000002
65,62.38,2.6199999999999974
35,45.21,-10.21
78,70.44,7.560000000000002
70,72.45,-2.450000000000003
14,17.69,-3.6900000000000013
17,17.81,-0.8099999999999987
56,70.59,-14.590000000000003
42,53.44,-11.439999999999998
63,76.34,-13.340000000000003
63,54.85,8.149999999999999
40,50.51,-10.509999999999998
60,59.23,0.7700000000000031
31,28.03,2.969999999999999
56,66.06,-10.060000000000002
80,51.06,28.939999999999998
67,54.81,12.189999999999998
72,71.49,0.5100000000000051
38,37.18,0.8200000000000003
54,62.62,-8.619999999999997
63,55.18,7.82
65,52.24,12.759999999999998
80,101.16,-21.159999999999997
87,68.66,18.340000000000003
40,46.74,-6.740000000000002
26,34.16,-8.159999999999997
74,73.5,0.5
71,62.91,8.090000000000003
38,34.83,3.1700000000000017
77,65.62,11.379999999999995
63,69.7,-6.700000000000003
39,40.28,-1.2800000000000011
55,53.16,1.8400000000000034
21,26.68,-5.68
56,58.47,-2.469999999999999
43,52.47,-9.469999999999999
64,69.39,-5.390000000000001
49,53.16,-4.159999999999997
47,64.13,-17.129999999999995
25,29.83,-4.829999999999998
33,31.19,1.8099999999999987
37,38.61,-1.6099999999999994
50,53.66,-3.6599999999999966
44,41.24,2.759999999999998
63,55.43,7.57
60,52.09,7.909999999999997
33,36.32,-3.3200000000000003
63,69.75,-6.75
48,52.56,-4.560000000000002
92,79.55,12.450000000000003
73,67.17,5.829999999999998
24,25.77,-1.7699999999999996
53,52.5,0.5
55,67.5,-12.5
56,64.32,-8.319999999999993
38,38.18,-0.17999999999999972
66,62.65,3.3500000000000014
88,97.12,-9.120000000000005
57,68.99,-11.989999999999995
32,35.98,-3.979999999999997
22,24.95,-2.9499999999999993
62,67.03,-5.030000000000001
94,89.13,4.8700000000000045
41,49.65,-8.649999999999999
70,72.56,-2.5600000000000023
59,65.86,-6.859999999999999
63,65.73,-2.730000000000004
31,39.47,-8.469999999999999
85,66.6,18.400000000000006
